Name,First choice,Second choice,Third choice,Fourth choice,Fifth choice,"Non-CS courses, if any, e.g., EE 475, IEMS 313",Current major,Current degree program,Quarter of entry,Undergraduate major,"Specialization, if any",Programming languages you know well,Courses you've taken (not MOOCs)
name001,CS 348 AI MWF 11:00 AM-11:50 AM,CS 343 Operating Systems TuTh 09:30 AM-10:50 AM,CS 321 Programming languages TuTh 03:30 PM-04:50 PM,0,0,0,CE,MS,Fall 2021,EE,AI/ML,"C/C++, Java, Python, R","Algorithms, Data structures, Machine learning, Operating systems"
name002,CS 371 Knowledge Representation and Reasoning TuTh 02:00 PM-03:20 PM,CS 496 Visualization for Scientific Communication W 03:00 PM-05:50 PM,CS 396 Modeling Relationships with Causal Inference MW 05:00 PM-06:20 PM,CS 348 AI MWF 11:00 AM-11:50 AM,CS 349 ML MW 12:30 PM-01:50 PM,0,CS,PhD,Fall 2021,CS,HCI/Graphics,"C/C++, Java, Python",0
name003,CS 396 Generative Methods MW 08:00 AM-09:20 AM,CS 396 Intro to Web Development MWF 08:00 AM-08:50 AM,CS 396 Advanced Algorithm Design through the Lens of Competitive Programming F 02:00 PM-04:50 PM,CS 397/497 Data Privacy TuTh 03:30 PM-04:50 PM,CS 496 Distributed Systems in Challenging Environments MW 03:30 PM-04:50 PM,0,CS,MS,Fall 2021,CS,AI/ML,"C/C++, C#, Java, JavaScript, Python","Algorithms, Data structures, Databases, Discrete math, Machine learning, Networks, Statistics"
name004,CS 396 Communicating Computer Science MW 05:00 PM-06:20 PM,CS 396 Intro to Web Development MWF 08:00 AM-08:50 AM,0,0,0,0,Technology and Social Behavior,PhD,Fall 2021,Business Administration,HCI/Graphics,Python,"Algorithms, Data structures, Databases, Discrete math, Networks, Statistics"
name005,CS 496 Graduate Algorithms TuTh 11:00 AM-12:20 PM,CS 496 Distributed Systems in Challenging Environments MW 03:30 PM-04:50 PM,CS 396 Modeling Relationships with Causal Inference MW 05:00 PM-06:20 PM,CS 396 Advanced Algorithm Design through the Lens of Competitive Programming F 02:00 PM-04:50 PM,CS 396 Communicating Computer Science MW 05:00 PM-06:20 PM,0,CS,MS,Fall 2021,CS,Distributed systems and ML,"C/C++, Java, JavaScript, PHP, Python, Rust","Algorithms, Data structures, Databases, Discrete math, Machine learning, Networks, Operating systems, Statistics"
name006,CS 396 Generative Methods MW 08:00 AM-09:20 AM,CS 396 Social Networks Analysis Th 06:30 PM-09:20 PM,CS 396 Communicating Computer Science MW 05:00 PM-06:20 PM,CS 496 The Design of Technological tools for Thinking and learning W 02:00 PM-04:50 PM,CS 396 Modeling Relationships with Causal Inference MW 05:00 PM-06:20 PM,0,CS,BS/MS,Fall 2020,CS,None,"C#, Java, JavaScript, Lisp, PHP, Python","Algorithms, Data structures, Databases, Discrete math, Machine learning, Networks, Statistics"
name007,CS 396 Intro to Web Development MWF 08:00 AM-08:50 AM,CS 348 AI MWF 11:00 AM-11:50 AM,CS 349 ML MW 12:30 PM-01:50 PM,CS 396/496 Interactive Information Visualization TuTh 03:30 PM-04:50 PM,CS 338 Practicum in Intelligent Information Systems TuTh 11:00 AM-12:20 PM,0,CS,MS,Fall 2021,CS,HCI/Graphics,"Java, JavaScript, PHP, Python, Ruby, Rust","Algorithms, Compilers, Data structures, Databases, Discrete math, Operating systems, Statistics"
name008,CS 396 Intro to Web Development MWF 08:00 AM-08:50 AM,CS 348 AI MWF 11:00 AM-11:50 AM,CS 349 ML MW 12:30 PM-01:50 PM,CS 396/496 Interactive Information Visualization TuTh 03:30 PM-04:50 PM,CS 338 Practicum in Intelligent Information Systems TuTh 11:00 AM-12:20 PM,0,CS,MS,Fall 2021,CS,HCI/Graphics,"C/C++, C#, Java, JavaScript, PHP, Python","Algorithms, Data structures, Databases, Discrete math, Networks, Operating systems"
name009,0,0,0,0,0,0,EE,MS,Fall 2021,EE,0,0,Machine learning
name010,CS 339 Databases TuTh 11:00 AM-12:20 PM,CS 396 Intro to Web Development MWF 08:00 AM-08:50 AM,CS 336 Algorithms TuTh 09:30 AM-10:50 AM,CS 321 Programming languages TuTh 03:30 PM-04:50 PM,CS 377 Game Development Studio MW 06:30 PM-07:50 PM,0,EE,MS,Winter 2021,CE,Systems,"C/C++, C#, Java, Python, Rust","Compilers, Data structures, Discrete math, Machine learning, Statistics, intro to game design"
name011,CS 396/496 Advanced Topics in Modern Cryptography TuTh 09:30 AM-10:50 AM,CS 349 ML MW 12:30 PM-01:50 PM,CS 397/497 Data Privacy TuTh 03:30 PM-04:50 PM,CS 340 Networking TuTh 09:30 AM-10:50 AM,CS 336 Algorithms TuTh 09:30 AM-10:50 AM,0,CS,MS,Fall 2021,CS,Security + AI/ML,"Python, Rust","Networks, Introduction to Artificial Intelligence, Introduction to Cryptography, Fundamentals of Blockchain and Decentralization"
name012,CS 396 Generative Methods MW 08:00 AM-09:20 AM,CS 349 ML MW 12:30 PM-01:50 PM,CS 496 Graduate Algorithms TuTh 11:00 AM-12:20 PM,CS 396/496 Advanced Topics in Modern Cryptography TuTh 09:30 AM-10:50 AM,CS 377 Game Development Studio MW 06:30 PM-07:50 PM,0,CS,MS,Fall 2021,CS,0,"C/C++, C#, Go, Java, JavaScript, PHP, Python","Algorithms, Compilers, Data structures, Databases, Discrete math, Networks, Operating systems, Statistics"
name013,CS 396/496 Advanced Topics in Modern Cryptography TuTh 09:30 AM-10:50 AM,CS 397/497 INNOVATION LAB Building Technologies for the Law Tu 02:30 PM-05:30 PM,0,0,0,0,CS,MS,Fall 2021,Economics,0,"Java, JavaScript, Python","Algorithms, Data structures, Discrete math, Machine learning, Networks, Statistics"
name014,CS 396/496 Interactive Information Visualization TuTh 03:30 PM-04:50 PM,CS 397/497 INNOVATION LAB Building Technologies for the Law Tu 02:30 PM-05:30 PM,CS 496 Visualization for Scientific Communication W 03:00 PM-05:50 PM,CS 377 Game Development Studio MW 06:30 PM-07:50 PM,CS 496 The Design of Technological tools for Thinking and learning W 02:00 PM-04:50 PM,0,CS,MS,Fall 2021,Economics,HCI/Graphics,"C/C++, C#, JavaScript, Python","Algorithms, Data structures, Discrete math, Machine learning, Networks, Statistics"
name015,CS 371 Knowledge Representation and Reasoning TuTh 02:00 PM-03:20 PM,0,0,0,0,0,CS,PhD,Fall 2019,Physics,AI/ML,"C/C++, Python","Algorithms, Data structures, Machine learning"
name016,CS 396 Advanced Algorithm Design through the Lens of Competitive Programming F 02:00 PM-04:50 PM,CS 396 Modeling Relationships with Causal Inference MW 05:00 PM-06:20 PM,CS 496 Visualization for Scientific Communication W 03:00 PM-05:50 PM,CS 331 Intro. Computation Phototography MW 12:30 PM-01:50 PM,CS 496 Distributed Systems in Challenging Environments MW 03:30 PM-04:50 PM,0,CS,MS,Winter 2021,CS,HCI/Graphics,"C/C++, Java, JavaScript, PHP, Python","Algorithms, Compilers, Data structures, Databases, Discrete math, Machine learning, Networks, Operating systems, Statistics"
name017,CS 396 Intro to Web Development MWF 08:00 AM-08:50 AM,CS 396 Social Networks Analysis Th 06:30 PM-09:20 PM,CS 396/496 Interactive Information Visualization TuTh 03:30 PM-04:50 PM,0,0,0,CS,MS,Fall 2021,CS,HCI/Graphics,"C/C++, JavaScript, Python","Algorithms, Data structures, Databases, Discrete math, Operating systems"
name018,CS 396/496 Interactive Information Visualization TuTh 03:30 PM-04:50 PM,CS 397/497 Data Privacy TuTh 03:30 PM-04:50 PM,CS 343 Operating Systems TuTh 09:30 AM-10:50 AM,CS 339 Databases TuTh 11:00 AM-12:20 PM,CS 340 Networking TuTh 09:30 AM-10:50 AM,0,CS,MS,Fall 2021,CS,0,"C/C++, C#, Go, Java, JavaScript, PHP, Python, Ruby, Rust","Algorithms, Compilers, Data structures, Databases, Discrete math, Machine learning, Networks, Operating systems, Statistics"
name019,CS 321 Programming languages TuTh 03:30 PM-04:50 PM,CS 322 Compilers TuTh 05:00 PM-06:20 PM,CS 331 Intro. Computation Phototography MW 12:30 PM-01:50 PM,CS 336 Algorithms TuTh 09:30 AM-10:50 AM,CS 338 Practicum in Intelligent Information Systems TuTh 11:00 AM-12:20 PM,0,EE,MS,Fall 2021,management science,optimization,Python,"Machine learning, computer vision; digital signal processing"
name014,CS 396/496 Interactive Information Visualization TuTh 03:30 PM-04:50 PM,CS 397/497 INNOVATION LAB Building Technologies for the Law Tu 02:30 PM-05:30 PM,CS 496 Visualization for Scientific Communication W 03:00 PM-05:50 PM,CS 377 Game Development Studio MW 06:30 PM-07:50 PM,CS 496 The Design of Technological tools for Thinking and learning W 02:00 PM-04:50 PM,0,CS,MS,Fall 2021,Economics,HCI/Graphics,"C/C++, C#, JavaScript, Python","Algorithms, Data structures, Discrete math, Machine learning, Statistics"
name020,CS 496 Graduate Algorithms TuTh 11:00 AM-12:20 PM,CS 396 Kolmogorov Complexity TuTh 12:30 PM-01:50 PM,CS 336 Algorithms TuTh 09:30 AM-10:50 AM,0,0,0,CS,PhD,Fall 2021,CS,Theory,"C/C++, Java",Machine learning
name021,CS 396 Social Networks Analysis Th 06:30 PM-09:20 PM,CS 336 Algorithms TuTh 09:30 AM-10:50 AM,CS 348 AI MWF 11:00 AM-11:50 AM,CS 339 Databases TuTh 11:00 AM-12:20 PM,CS 396 Communicating Computer Science MW 05:00 PM-06:20 PM,0,EE,MS,Fall 2021,EE,AI/ML,"C/C++, JavaScript, Python","Discrete math, Machine learning, Statistics"
name022,CS 340 Networking TuTh 09:30 AM-10:50 AM,CS 331 Intro. Computation Phototography MW 12:30 PM-01:50 PM,CS 377 Game Development Studio MW 06:30 PM-07:50 PM,CS 351.2 Intermediate CG TuTh 02:00 PM-03:20 PM,0,0,CS,MS,Fall 2021,CS,0,"C/C++, Python",0
name023,CS 496 The Design of Technological tools for Thinking and learning W 02:00 PM-04:50 PM,CS 336 Algorithms TuTh 09:30 AM-10:50 AM,CS 396/496 Interactive Information Visualization TuTh 03:30 PM-04:50 PM,CS 349 ML MW 12:30 PM-01:50 PM,CS 396 Social Networks Analysis Th 06:30 PM-09:20 PM,0,CS,MS,Fall 2021,IT,HCI/Graphics,"C/C++, Java, JavaScript, Python, Matlab, SQL","Data structures, Databases, Discrete math, Networks, Statistics"
name024,CS 396 Generative Methods MW 08:00 AM-09:20 AM,CS 396 Modeling Relationships with Causal Inference MW 05:00 PM-06:20 PM,CS 396/496 Advanced Topics in Modern Cryptography TuTh 09:30 AM-10:50 AM,CS 496 Visualization for Scientific Communication W 03:00 PM-05:50 PM,CS 397/497 Data Privacy TuTh 03:30 PM-04:50 PM,0,CS,MS,Fall 2021,CS,AI/ML,"C/C++, Java, JavaScript, PHP, Python, Rust","Algorithms, Compilers, Data structures, Databases, Discrete math, Machine learning, Networks, Operating systems, Statistics"
name025,CS 377 Game Development Studio MW 06:30 PM-07:50 PM,CS 396/496 Interactive Information Visualization TuTh 03:30 PM-04:50 PM,CS 496 Distributed Systems in Challenging Environments MW 03:30 PM-04:50 PM,0,0,0,CS,MS,Fall 2021,CS,0,0,0
name010,CS 339 Databases TuTh 11:00 AM-12:20 PM,CS 343 Operating Systems TuTh 09:30 AM-10:50 AM,CS 338 Practicum in Intelligent Information Systems TuTh 11:00 AM-12:20 PM,CS 396 Intro to Web Development MWF 08:00 AM-08:50 AM,CS 336 Algorithms TuTh 09:30 AM-10:50 AM,0,EE,MS,Winter 2021,CE,Systems,"C/C++, C#, Java, Python, Rust","Data structures, Discrete math, Machine learning, Statistics, Intro to Game Design"
name026,CS 349 ML MW 12:30 PM-01:50 PM,CS 336 Algorithms TuTh 09:30 AM-10:50 AM,CS 348 AI MWF 11:00 AM-11:50 AM,CS 396 Advanced Algorithm Design through the Lens of Competitive Programming F 02:00 PM-04:50 PM,CS 496 Topics in Complexity MW 03:30 PM-04:50 PM,0,CS,MS,Fall 2021,CS,0,"C/C++, Python","Algorithms, Compilers, Data structures, Databases, Discrete math, Networks, Operating systems, Statistics"
name027,CS 371 Knowledge Representation and Reasoning TuTh 02:00 PM-03:20 PM,CS 396 Generative Methods MW 08:00 AM-09:20 AM,CS 396 Modeling Relationships with Causal Inference MW 05:00 PM-06:20 PM,0,0,0,CE,PhD,Fall 2019,EE,AI/ML,"C/C++, Java, Python","Algorithms, Data structures, Discrete math, Machine learning, Networks, Operating systems, Statistics"
name028,CS 336 Algorithms TuTh 09:30 AM-10:50 AM,CS 348 AI MWF 11:00 AM-11:50 AM,CS 349 ML MW 12:30 PM-01:50 PM,CS 396 Generative Methods MW 08:00 AM-09:20 AM,CS 496 The Design of Technological tools for Thinking and learning W 02:00 PM-04:50 PM,0,CS,MS,Fall 2021,Linguistics,AI/ML,"JavaScript, Python","Data structures, Discrete math"
name029,CS 496 Distributed Systems in Challenging Environments MW 03:30 PM-04:50 PM,CS 339 Databases TuTh 11:00 AM-12:20 PM,CS 396 Intro to Web Development MWF 08:00 AM-08:50 AM,CS 348 AI MWF 11:00 AM-11:50 AM,CS 396/496 Interactive Information Visualization TuTh 03:30 PM-04:50 PM,0,CS,MS,Fall 2021,CS,AI/ML,"C/C++, Java, JavaScript, Python","Algorithms, Compilers, Data structures, Databases, Discrete math, Machine learning, Networks, Operating systems, Statistics"
name030,CS 371 Knowledge Representation and Reasoning TuTh 02:00 PM-03:20 PM,0,0,0,0,0,CS,MS,Fall 2021,CS,AI/ML,"Java, Python","Algorithms, Data structures, Discrete math, Machine learning, Operating systems, Statistics, Deep Learning, Linear Algebra"
name031,CS 343 Operating Systems TuTh 09:30 AM-10:50 AM,0,0,0,0,0,CE,PhD,Fall 2020,CE,Systems,"C/C++, Java, Python",Compilers
name032,CS 396 Intro to Web Development MWF 08:00 AM-08:50 AM,CS 396/496 Interactive Information Visualization TuTh 03:30 PM-04:50 PM,0,0,0,0,CS,MS,Winter 2021,CS and Math,AI/ML,Python,"Algorithms, Data structures, Discrete math, Machine learning, Networks, Operating systems, Statistics"
name033,CS 348 AI MWF 11:00 AM-11:50 AM,CS 377 Game Development Studio MW 06:30 PM-07:50 PM,CS 396 Advanced Algorithm Design through the Lens of Competitive Programming F 02:00 PM-04:50 PM,CS 396/496 Interactive Information Visualization TuTh 03:30 PM-04:50 PM,CS 397/497 Data Privacy TuTh 03:30 PM-04:50 PM,0,CS,MS,Fall 2021,CS,0,"C/C++, C#, Java, JavaScript, PHP, Python","Algorithms, Compilers, Data structures, Discrete math, Machine learning, Operating systems, Statistics"
name034,CS 340 Networking TuTh 09:30 AM-10:50 AM,CS 351.2 Intermediate CG TuTh 02:00 PM-03:20 PM,CS 496 Distributed Systems in Challenging Environments MW 03:30 PM-04:50 PM,CS 396 Advanced Algorithm Design through the Lens of Competitive Programming F 02:00 PM-04:50 PM,0,0,CS,PhD,Fall 2021,CS,Systems,"C/C++, C#, Python","Algorithms, Compilers, Data structures, Databases, Discrete math, Machine learning, Operating systems, Statistics"
name035,CS 322 Compilers TuTh 05:00 PM-06:20 PM,0,0,0,0,0,CS,PhD,Fall 2021,0,Systems,"C/C++, Python",0
name036,CS 396 Social Networks Analysis Th 06:30 PM-09:20 PM,CS 340 Networking TuTh 09:30 AM-10:50 AM,CS 396 Communicating Computer Science MW 05:00 PM-06:20 PM,CS 377 Game Development Studio MW 06:30 PM-07:50 PM,0,0,CS,MS,Winter 2020,CS,0,"C/C++, C#, Java, JavaScript, Python","Algorithms, Data structures, Databases, Discrete math, Machine learning, Statistics"
name037,CS 336 Algorithms TuTh 09:30 AM-10:50 AM,CS 371 Knowledge Representation and Reasoning TuTh 02:00 PM-03:20 PM,CS 396/496 Interactive Information Visualization TuTh 03:30 PM-04:50 PM,CS 349 ML MW 12:30 PM-01:50 PM,CS 338 Practicum in Intelligent Information Systems TuTh 11:00 AM-12:20 PM,0,CS,MS,Fall 2021,CS,AI/ML,"C/C++, Java, Python","Algorithms, Data structures, Databases, Discrete math, Machine learning, Statistics"
name038,CS 336 Algorithms TuTh 09:30 AM-10:50 AM,CS 339 Databases TuTh 11:00 AM-12:20 PM,CS 348 AI MWF 11:00 AM-11:50 AM,CS 396 Intro to Web Development MWF 08:00 AM-08:50 AM,CS 321 Programming languages TuTh 03:30 PM-04:50 PM,0,EE,MS,Fall 2021,EE,0,0,0
name039,CS 336 Algorithms TuTh 09:30 AM-10:50 AM,CS 348 AI MWF 11:00 AM-11:50 AM,CS 338 Practicum in Intelligent Information Systems TuTh 11:00 AM-12:20 PM,CS 396/496 Interactive Information Visualization TuTh 03:30 PM-04:50 PM,CS 331 Intro. Computation Phototography MW 12:30 PM-01:50 PM,0,CS,MS,Fall 2021,CS,AI/ML,"C/C++, JavaScript, Python","Algorithms, Compilers, Data structures, Databases, Discrete math, Machine learning, Networks, Operating systems, Statistics"
name040,CS 336 Algorithms TuTh 09:30 AM-10:50 AM,CS 338 Practicum in Intelligent Information Systems TuTh 11:00 AM-12:20 PM,CS 396/496 Interactive Information Visualization TuTh 03:30 PM-04:50 PM,CS 331 Intro. Computation Phototography MW 12:30 PM-01:50 PM,CS 339 Databases TuTh 11:00 AM-12:20 PM,0,CS,MS,Fall 2021,CS,0,"C/C++, Java, Python","Algorithms, Compilers, Data structures, Databases, Discrete math, Machine learning, Networks, Operating systems, Statistics"
name041,CS 343 Operating Systems TuTh 09:30 AM-10:50 AM,0,0,0,0,0,CS,PhD,Fall 2020,Urban Planning,Systems,"C/C++, Python",Compilers
name042,CS 331 Intro. Computation Phototography MW 12:30 PM-01:50 PM,0,0,0,0,0,CS,PhD,Fall 2021,Math,HCI/Graphics,"C/C++, Python","Discrete math, Machine learning"
name043,CS 336 Algorithms TuTh 09:30 AM-10:50 AM,CS 396 Intro to Web Development MWF 08:00 AM-08:50 AM,CS 396 Social Networks Analysis Th 06:30 PM-09:20 PM,CS 377 Game Development Studio MW 06:30 PM-07:50 PM,CS 348 AI MWF 11:00 AM-11:50 AM,0,CS,MS,Fall 2021,CS,AI/ML,"C/C++, C#, Java, JavaScript, Python, Ruby, Rust","Networks, Operating systems, Statistics"
name044,CS 496 Graduate Algorithms TuTh 11:00 AM-12:20 PM,CS 396 Advanced Algorithm Design through the Lens of Competitive Programming F 02:00 PM-04:50 PM,CS 349 ML MW 12:30 PM-01:50 PM,CS 496 Topics in Complexity MW 03:30 PM-04:50 PM,CS 396 Kolmogorov Complexity TuTh 12:30 PM-01:50 PM,0,CS,PhD,Fall 2021,Math,Theory,Python,"Algorithms, Data structures, Discrete math, Statistics"
name045,CS 340 Networking TuTh 09:30 AM-10:50 AM,CS 396 Intro to Web Development MWF 08:00 AM-08:50 AM,CS 396/496 Interactive Information Visualization TuTh 03:30 PM-04:50 PM,CS 343 Operating Systems TuTh 09:30 AM-10:50 AM,CS 496 Visualization for Scientific Communication W 03:00 PM-05:50 PM,0,CS,MS,Fall 2021,CS,Systems,"C/C++, JavaScript, Python","Algorithms, Compilers, Data structures, Databases, Discrete math, Machine learning, Operating systems"
name046,CS 396/496 Advanced Topics in Modern Cryptography TuTh 09:30 AM-10:50 AM,CS 396/496 Interactive Information Visualization TuTh 03:30 PM-04:50 PM,CS 348 AI MWF 11:00 AM-11:50 AM,CS 396 Generative Methods MW 08:00 AM-09:20 AM,CS 331 Intro. Computation Phototography MW 12:30 PM-01:50 PM,0,CS,MS,Fall 2021,CE,0,"Java, Python","Data structures, Databases, Machine learning, Networks, Statistics"
name047,CS 349 ML MW 12:30 PM-01:50 PM,CS 351.2 Intermediate CG TuTh 02:00 PM-03:20 PM,CS 339 Databases TuTh 11:00 AM-12:20 PM,0,0,0,EE,MS,Fall 2021,EE,0,0,"Algorithms, Data structures, Machine learning"
name048,CS 340 Networking TuTh 09:30 AM-10:50 AM,CS 396/496 Interactive Information Visualization TuTh 03:30 PM-04:50 PM,CS 496 The Design of Technological tools for Thinking and learning W 02:00 PM-04:50 PM,CS 343 Operating Systems TuTh 09:30 AM-10:50 AM,CS 377 Game Development Studio MW 06:30 PM-07:50 PM,0,CS,MS,Fall 2021,CS and Mathematics,AI/ML,"C/C++, C#, Go, Java, JavaScript, PHP, Python, Ruby","Algorithms, Compilers, Data structures, Databases, Discrete math, Machine learning, Networks, Operating systems, Statistics"
name049,CS 343 Operating Systems TuTh 09:30 AM-10:50 AM,CS 340 Networking TuTh 09:30 AM-10:50 AM,CS 339 Databases TuTh 11:00 AM-12:20 PM,CS 396 Communicating Computer Science MW 05:00 PM-06:20 PM,CS 396/496 Advanced Topics in Modern Cryptography TuTh 09:30 AM-10:50 AM,0,CE,MS,Fall 2021,Telecommunications Engineering,Systems,"C/C++, Python",0
name050,CS 396/496 Interactive Information Visualization TuTh 03:30 PM-04:50 PM,0,0,0,0,0,CS,PhD,Fall 2020,CS,Theory,"Java, JavaScript, Python","Algorithms, Data structures, Discrete math, Machine learning, Operating systems, Statistics"
name051,CS 340 Networking TuTh 09:30 AM-10:50 AM,CS 396/496 Interactive Information Visualization TuTh 03:30 PM-04:50 PM,CS 396 Intro to Web Development MWF 08:00 AM-08:50 AM,CS 377 Game Development Studio MW 06:30 PM-07:50 PM,CS 371 Knowledge Representation and Reasoning TuTh 02:00 PM-03:20 PM,0,CS,MS,Fall 2021,Neuroscience,HCI/Graphics,"C/C++, C#, JavaScript, Lisp","Algorithms, Data structures, Discrete math, Statistics"
name052,CS 496 Graduate Algorithms TuTh 11:00 AM-12:20 PM,CS 339 Databases TuTh 11:00 AM-12:20 PM,CS 496 Distributed Systems in Challenging Environments MW 03:30 PM-04:50 PM,CS 340 Networking TuTh 09:30 AM-10:50 AM,CS 343 Operating Systems TuTh 09:30 AM-10:50 AM,0,CS,MS,Fall 2021,CS,0,"C/C++, Java, Python","Algorithms, Compilers, Data structures, Databases, Discrete math, Machine learning, Networks, Operating systems, Statistics"
name053,CS 343 Operating Systems TuTh 09:30 AM-10:50 AM,CS 340 Networking TuTh 09:30 AM-10:50 AM,CS 496 Graduate Algorithms TuTh 11:00 AM-12:20 PM,CS 348 AI MWF 11:00 AM-11:50 AM,0,0,CS,MS,Fall 2021,Math,AI/ML,"C/C++, Java, JavaScript, Python","Algorithms, Compilers, Data structures, Discrete math, Machine learning, Statistics"
name030,CS 371 Knowledge Representation and Reasoning TuTh 02:00 PM-03:20 PM,CS 331 Intro. Computation Phototography MW 12:30 PM-01:50 PM,CS 396 Modeling Relationships with Causal Inference MW 05:00 PM-06:20 PM,CS 338 Practicum in Intelligent Information Systems TuTh 11:00 AM-12:20 PM,CS 396 Generative Methods MW 08:00 AM-09:20 AM,0,CS,MS,Fall 2021,CS,AI/ML,"Java, Python","Algorithms, Data structures, Discrete math, Machine learning, Operating systems, Statistics, Deep Learning, Linear Algebra"
name054,CS 496 Distributed Systems in Challenging Environments MW 03:30 PM-04:50 PM,CS 496 Visualization for Scientific Communication W 03:00 PM-05:50 PM,CS 496 Graduate Algorithms TuTh 11:00 AM-12:20 PM,0,0,0,CS,PhD,Fall 2021,CS,Systems,"C/C++, Java, JavaScript, Python","Algorithms, Data structures, Databases, Machine learning, Networks, Operating systems"
name055,CS 377 Game Development Studio MW 06:30 PM-07:50 PM,CS 396/496 Interactive Information Visualization TuTh 03:30 PM-04:50 PM,CS 397/497 INNOVATION LAB Building Technologies for the Law Tu 02:30 PM-05:30 PM,CS 397/497 Data Privacy TuTh 03:30 PM-04:50 PM,CS 397/497 Data Privacy TuTh 03:30 PM-04:50 PM,0,CS,MS,Winter 2021,Economics,0,"C/C++, C#, Java, JavaScript, Python","Data structures, Discrete math, Machine learning"
name038,CS 336 Algorithms TuTh 09:30 AM-10:50 AM,CS 339 Databases TuTh 11:00 AM-12:20 PM,CS 348 AI MWF 11:00 AM-11:50 AM,CS 340 Networking TuTh 09:30 AM-10:50 AM,CS 321 Programming languages TuTh 03:30 PM-04:50 PM,0,EE,MS,Fall 2021,EE,0,C/C++,Machine learning
name056,CS 336 Algorithms TuTh 09:30 AM-10:50 AM,CS 496 Graduate Algorithms TuTh 11:00 AM-12:20 PM,CS 496 Topics in Complexity MW 03:30 PM-04:50 PM,CS 340 Networking TuTh 09:30 AM-10:50 AM,CS 396 Communicating Computer Science MW 05:00 PM-06:20 PM,0,EE,PhD,Fall 2021,EE,AI/ML,"C/C++, Python, Rust","Data structures, Machine learning, Operating systems"
name057,CS 496 Topics in Complexity MW 03:30 PM-04:50 PM,CS 496 Visualization for Scientific Communication W 03:00 PM-05:50 PM,CS 397/497 Data Privacy TuTh 03:30 PM-04:50 PM,0,0,0,CS,PhD,Fall 2020,CS,Theory,Python,"Algorithms, Data structures, Discrete math, Machine learning, Statistics"
name058,CS 343 Operating Systems TuTh 09:30 AM-10:50 AM,CS 322 Compilers TuTh 05:00 PM-06:20 PM,CS 496 Distributed Systems in Challenging Environments MW 03:30 PM-04:50 PM,CS 340 Networking TuTh 09:30 AM-10:50 AM,0,0,CS,MS,Fall 2021,CS,Systems,"C/C++, C#","Algorithms, Compilers, Data structures, Databases, Discrete math, Machine learning, Networks, Operating systems, Statistics"
name059,CS 340 Networking TuTh 09:30 AM-10:50 AM,CS 339 Databases TuTh 11:00 AM-12:20 PM,CS 349 ML MW 12:30 PM-01:50 PM,CS 371 Knowledge Representation and Reasoning TuTh 02:00 PM-03:20 PM,CS 338 Practicum in Intelligent Information Systems TuTh 11:00 AM-12:20 PM,0,MSIT,MSIT,Fall 2021,CS,AI/ML,"C/C++, Go, Java, JavaScript, Python, Rust","Algorithms, Data structures, Databases, Discrete math, Machine learning, Statistics"
name060,CS 348 AI MWF 11:00 AM-11:50 AM,CS 349 ML MW 12:30 PM-01:50 PM,CS 339 Databases TuTh 11:00 AM-12:20 PM,CS 336 Algorithms TuTh 09:30 AM-10:50 AM,0,0,EE,PhD,Before Fall 2019,EE,AI/ML,Python,Statistics
name061,CS 396 Advanced Algorithm Design through the Lens of Competitive Programming F 02:00 PM-04:50 PM,CS 396/496 Interactive Information Visualization TuTh 03:30 PM-04:50 PM,CS 396 Communicating Computer Science MW 05:00 PM-06:20 PM,CS 396 Generative Methods MW 08:00 AM-09:20 AM,0,0,CS,MS,Fall 2020,CS,0,"C/C++, Java, JavaScript, Python","Algorithms, Data structures, Databases, Discrete math, Machine learning, Networks, Operating systems, Statistics"
name062,CS 396 Generative Methods MW 08:00 AM-09:20 AM,CS 396/496 Interactive Information Visualization TuTh 03:30 PM-04:50 PM,CS 396 Intro to Web Development MWF 08:00 AM-08:50 AM,CS 396 Social Networks Analysis Th 06:30 PM-09:20 PM,0,0,CS,MS,Fall 2021,Human Resources Management,0,"Java, JavaScript","Algorithms, Data structures, Statistics"
name063,CS 396/496 Advanced Topics in Modern Cryptography TuTh 09:30 AM-10:50 AM,CS 339 Databases TuTh 11:00 AM-12:20 PM,0,0,0,0,CS,PhD,Summer 2021,CS,Systems,"C/C++, Java, Lisp, Python","Algorithms, Compilers, Data structures, Discrete math, Machine learning, Networks, Operating systems"
name064,CS 496 Distributed Systems in Challenging Environments MW 03:30 PM-04:50 PM,CS 396/496 Interactive Information Visualization TuTh 03:30 PM-04:50 PM,0,0,CS 343 Operating Systems TuTh 09:30 AM-10:50 AM,0,CS,MS,Fall 2021,CE,0,"C/C++, JavaScript, Python","Algorithms, Data structures, Discrete math, Machine learning, Networks, Statistics"
name065,CS 343 Operating Systems TuTh 09:30 AM-10:50 AM,CS 336 Algorithms TuTh 09:30 AM-10:50 AM,0,0,0,0,CE,MS,Winter 2021,0,0,"C/C++, C#, Python","Compilers, Machine learning"
name066,CS 396 Generative Methods MW 08:00 AM-09:20 AM,CS 338 Practicum in Intelligent Information Systems TuTh 11:00 AM-12:20 PM,CS 371 Knowledge Representation and Reasoning TuTh 02:00 PM-03:20 PM,CS 377 Game Development Studio MW 06:30 PM-07:50 PM,CS 339 Databases TuTh 11:00 AM-12:20 PM,0,CS,MS,Fall 2021,CS,AI/ML,"C#, Java, Python","Algorithms, Compilers, Data structures, Discrete math, Machine learning, Statistics"
name067,CS 349 ML MW 12:30 PM-01:50 PM,CS 338 Practicum in Intelligent Information Systems TuTh 11:00 AM-12:20 PM,CS 321 Programming languages TuTh 03:30 PM-04:50 PM,CS 496 Graduate Algorithms TuTh 11:00 AM-12:20 PM,CS 397/497 INNOVATION LAB Building Technologies for the Law Tu 02:30 PM-05:30 PM,0,CS,MS,Fall 2021,CS,AI/ML,"C/C++, Python","Algorithms, Compilers, Data structures, Databases, Discrete math, Machine learning, Networks, Operating systems, Statistics"
name068,CS 496 Distributed Systems in Challenging Environments MW 03:30 PM-04:50 PM,CS 377 Game Development Studio MW 06:30 PM-07:50 PM,CS 336 Algorithms TuTh 09:30 AM-10:50 AM,CS 397/497 Data Privacy TuTh 03:30 PM-04:50 PM,CS 340 Networking TuTh 09:30 AM-10:50 AM,0,MSIT,MSIT,Fall 2021,CS,Software Engineering,"C/C++, Java, JavaScript, PHP, Python, Rust","Algorithms, Data structures, Databases, Discrete math, Machine learning, Networks, Operating systems, Statistics"
name069,CS 396 Social Networks Analysis Th 06:30 PM-09:20 PM,CS 396 Intro to Web Development MWF 08:00 AM-08:50 AM,CS 396 Generative Methods MW 08:00 AM-09:20 AM,CS 396/496 Interactive Information Visualization TuTh 03:30 PM-04:50 PM,CS 496 Visualization for Scientific Communication W 03:00 PM-05:50 PM,0,EE,PhD,Fall 2019,EE,AI/ML,"C/C++, Python","Algorithms, Data structures, Discrete math, Machine learning, Networks, Statistics"
name070,CS 351.2 Intermediate CG TuTh 02:00 PM-03:20 PM,CS 396 Intro to Web Development MWF 08:00 AM-08:50 AM,0,0,0,0,EE,MS,Fall 2021,EE,HCI/Graphics,"C/C++, Java, JavaScript, Python","Data structures, Networks, Statistics"
name071,CS 349 ML MW 12:30 PM-01:50 PM,CS 339 Databases TuTh 11:00 AM-12:20 PM,CS 371 Knowledge Representation and Reasoning TuTh 02:00 PM-03:20 PM,CS 331 Intro. Computation Phototography MW 12:30 PM-01:50 PM,CS 336 Algorithms TuTh 09:30 AM-10:50 AM,0,CE,MS,Spring 2021,EE,AI/ML,"C/C++, Go, Python","Data structures, Databases, Machine learning"
name072,CS 349 ML MW 12:30 PM-01:50 PM,CS 339 Databases TuTh 11:00 AM-12:20 PM,CS 340 Networking TuTh 09:30 AM-10:50 AM,CS 331 Intro. Computation Phototography MW 12:30 PM-01:50 PM,CS 351.2 Intermediate CG TuTh 02:00 PM-03:20 PM,0,EE,MS,Fall 2021,Automation,0,Python,Machine learning
name073,CS 396 Intro to Web Development MWF 08:00 AM-08:50 AM,CS 338 Practicum in Intelligent Information Systems TuTh 11:00 AM-12:20 PM,CS 377 Game Development Studio MW 06:30 PM-07:50 PM,CS 496 The Design of Technological tools for Thinking and learning W 02:00 PM-04:50 PM,CS 336 Algorithms TuTh 09:30 AM-10:50 AM,0,CS,MS,Fall 2021,CS,0,"C/C++, Java, JavaScript, Python","Algorithms, Compilers, Data structures, Databases, Discrete math, Networks, Operating systems, Statistics"
name074,CS 396 Intro to Web Development MWF 08:00 AM-08:50 AM,CS 339 Databases TuTh 11:00 AM-12:20 PM,CS 496 Graduate Algorithms TuTh 11:00 AM-12:20 PM,0,0,0,CS,MS,Fall 2021,CS,0,"Java, JavaScript","Algorithms, Data structures, Databases, Operating systems"
name075,CS 340 Networking TuTh 09:30 AM-10:50 AM,CS 397/497 Data Privacy TuTh 03:30 PM-04:50 PM,CS 339 Databases TuTh 11:00 AM-12:20 PM,CS 396/496 Interactive Information Visualization TuTh 03:30 PM-04:50 PM,CS 343 Operating Systems TuTh 09:30 AM-10:50 AM,0,CS,MS,Winter 2021,CS,0,"C/C++, C#, Python","Algorithms, Data structures, Discrete math, Machine learning, Statistics"
name076,CS 397/497 INNOVATION LAB Building Technologies for the Law Tu 02:30 PM-05:30 PM,CS 396 Social Networks Analysis Th 06:30 PM-09:20 PM,CS 338 Practicum in Intelligent Information Systems TuTh 11:00 AM-12:20 PM,CS 371 Knowledge Representation and Reasoning TuTh 02:00 PM-03:20 PM,CS 396/496 Interactive Information Visualization TuTh 03:30 PM-04:50 PM,0,CS,PhD,Fall 2021,0,AI/ML,0,0
name077,CS 321 Programming languages TuTh 03:30 PM-04:50 PM,CS 348 AI MWF 11:00 AM-11:50 AM,CS 396 Intro to Web Development MWF 08:00 AM-08:50 AM,CS 397/497 INNOVATION LAB Building Technologies for the Law Tu 02:30 PM-05:30 PM,CS 396 Social Networks Analysis Th 06:30 PM-09:20 PM,0,CE,MS,Fall 2021,EE,AI/ML,"C/C++, C#, Java, Python","Algorithms, Data structures, Machine learning"
name078,CS 339 Databases TuTh 11:00 AM-12:20 PM,CS 340 Networking TuTh 09:30 AM-10:50 AM,CS 396 Intro to Web Development MWF 08:00 AM-08:50 AM,CS 343 Operating Systems TuTh 09:30 AM-10:50 AM,0,0,CE,MS,Fall 2021,Robot Science,AI/ML,"C/C++, C#, Java, JavaScript, PHP, Python, Rust, Matlab / GSGL","Data structures, Databases, Discrete math, Machine learning, Operating systems, Statistics"
name079,CS 396 Generative Methods MW 08:00 AM-09:20 AM,CS 377 Game Development Studio MW 06:30 PM-07:50 PM,CS 396 Intro to Web Development MWF 08:00 AM-08:50 AM,CS 348 AI MWF 11:00 AM-11:50 AM,CS 349 ML MW 12:30 PM-01:50 PM,0,CS,MS,Fall 2021,CS,0,C#,0
name080,CS 396 Generative Methods MW 08:00 AM-09:20 AM,CS 321 Programming languages TuTh 03:30 PM-04:50 PM,CS 371 Knowledge Representation and Reasoning TuTh 02:00 PM-03:20 PM,0,0,0,CS,MS,Winter 2021,CS,0,"C/C++, Java, JavaScript, Python","Algorithms, Data structures, Databases, Discrete math, Networks, Operating systems, Statistics"
name081,CS 496 Graduate Algorithms TuTh 11:00 AM-12:20 PM,CS 343 Operating Systems TuTh 09:30 AM-10:50 AM,CS 396 Intro to Web Development MWF 08:00 AM-08:50 AM,CS 340 Networking TuTh 09:30 AM-10:50 AM,CS 348 AI MWF 11:00 AM-11:50 AM,0,CS,MS,Fall 2021,Math,0,"C/C++, Java, JavaScript, Python","Algorithms, Data structures, Databases, Discrete math, Machine learning"
name082,CS 396 Social Networks Analysis Th 06:30 PM-09:20 PM,0,0,0,0,0,MSIT,MSIT,Winter 2021,CS,AI/ML,"C/C++, C#, Java, JavaScript, Python","Algorithms, Data structures, Databases, Discrete math, Machine learning, Networks, Operating systems, Statistics"
name083,CS 348 AI MWF 11:00 AM-11:50 AM,CS 338 Practicum in Intelligent Information Systems TuTh 11:00 AM-12:20 PM,CS 396 Social Networks Analysis Th 06:30 PM-09:20 PM,CS 339 Databases TuTh 11:00 AM-12:20 PM,CS 340 Networking TuTh 09:30 AM-10:50 AM,0,CE,MS,Fall 2021,EE,0,"C/C++, Python, Rust","Data structures, Machine learning, Networks, Statistics"
name084,CS 349 ML MW 12:30 PM-01:50 PM,CS 371 Knowledge Representation and Reasoning TuTh 02:00 PM-03:20 PM,CS 396/496 Interactive Information Visualization TuTh 03:30 PM-04:50 PM,CS 396 Communicating Computer Science MW 05:00 PM-06:20 PM,CS 339 Databases TuTh 11:00 AM-12:20 PM,0,CS,PhD,Fall 2021,CS,AI/ML,"C/C++, Python","Algorithms, Data structures, Discrete math, Networks, Operating systems"
name085,CS 339 Databases TuTh 11:00 AM-12:20 PM,CS 340 Networking TuTh 09:30 AM-10:50 AM,CS 343 Operating Systems TuTh 09:30 AM-10:50 AM,CS 396 Intro to Web Development MWF 08:00 AM-08:50 AM,0,0,MSR,MS,Fall 2021,Mechanical Engineering,None,"C/C++, Python","Machine learning, Computer System"
name086,CS 349 ML MW 12:30 PM-01:50 PM,CS 396 Advanced Algorithm Design through the Lens of Competitive Programming F 02:00 PM-04:50 PM,CS 348 AI MWF 11:00 AM-11:50 AM,CS 339 Databases TuTh 11:00 AM-12:20 PM,CS 396 Intro to Web Development MWF 08:00 AM-08:50 AM,0,MSR,MS,Winter 2021,ME,Robotics,Python,"Statistics, CV"
name087,CS 348 AI MWF 11:00 AM-11:50 AM,CS 377 Game Development Studio MW 06:30 PM-07:50 PM,CS 396/496 Interactive Information Visualization TuTh 03:30 PM-04:50 PM,CS 339 Databases TuTh 11:00 AM-12:20 PM,0,0,CS,MS,Fall 2021,Management of Information System,web,"C#, Java, JavaScript, PHP, Python","Data structures, Databases, Statistics"
name085,CS 339 Databases TuTh 11:00 AM-12:20 PM,CS 396 Intro to Web Development MWF 08:00 AM-08:50 AM,CS 340 Networking TuTh 09:30 AM-10:50 AM,CS 343 Operating Systems TuTh 09:30 AM-10:50 AM,0,0,MSR,MS,Fall 2021,Mechanical Engineering,None,"C/C++, Python","Machine learning, Computer System"
name088,CS 496 Graduate Algorithms TuTh 11:00 AM-12:20 PM,CS 496 Distributed Systems in Challenging Environments MW 03:30 PM-04:50 PM,CS 322 Compilers TuTh 05:00 PM-06:20 PM,CS 339 Databases TuTh 11:00 AM-12:20 PM,CS 331 Intro. Computation Phototography MW 12:30 PM-01:50 PM,0,CS,MS,Fall 2021,CS,Big Data(Storage),"Java, Python","Algorithms, Data structures, Machine learning, Networks, Statistics"
name089,CS 396 Generative Methods MW 08:00 AM-09:20 AM,CS 349 ML MW 12:30 PM-01:50 PM,CS 496 The Design of Technological tools for Thinking and learning W 02:00 PM-04:50 PM,0,0,0,CS+LS,PhD,Fall 2021,0,"Undecided, but interested in AI/ML","C/C++, Java","Data structures, Discrete math"
name090,CS 321 Programming languages TuTh 03:30 PM-04:50 PM,CS 336 Algorithms TuTh 09:30 AM-10:50 AM,CS 339 Databases TuTh 11:00 AM-12:20 PM,0,0,0,EE,MS,Fall 2021,EE,0,0,Machine learning
name091,CS 339 Databases TuTh 11:00 AM-12:20 PM,CS 343 Operating Systems TuTh 09:30 AM-10:50 AM,CS 396 Social Networks Analysis Th 06:30 PM-09:20 PM,0,0,0,CE,PhD,Fall 2020,Physics,High-performance computing and machine learning,"C/C++, Python, Matlab","Data structures, Discrete math, Machine learning, Statistics, Lots of physics courses and other math courses."
name092,CS 348 AI MWF 11:00 AM-11:50 AM,CS 349 ML MW 12:30 PM-01:50 PM,CS 336 Algorithms TuTh 09:30 AM-10:50 AM,CS 496 Visualization for Scientific Communication W 03:00 PM-05:50 PM,0,0,CS,MS,Fall 2021,CS,AI/ML,"C/C++, Python",0
name041,CS 343 Operating Systems TuTh 09:30 AM-10:50 AM,0,0,0,0,0,CS,PhD,Fall 2020,Urban Planning,Systems,"C/C++, Python",Compilers
name093,CS 336 Algorithms TuTh 09:30 AM-10:50 AM,CS 339 Databases TuTh 11:00 AM-12:20 PM,CS 396 Intro to Web Development MWF 08:00 AM-08:50 AM,CS 396/496 Interactive Information Visualization TuTh 03:30 PM-04:50 PM,CS 496 Distributed Systems in Challenging Environments MW 03:30 PM-04:50 PM,0,EE,MS,Spring 2021,0,0,"Go, Java, JavaScript, Python","Data structures, Machine learning, Networks, Operating systems, Statistics"
name094,CS 371 Knowledge Representation and Reasoning TuTh 02:00 PM-03:20 PM,0,0,0,0,0,CS,PhD,Fall 2020,ECE,AI/ML,"Java, Lisp, Python","Algorithms, Data structures, Databases, Discrete math, Machine learning, Operating systems, Statistics"
name095,CS 331 Intro. Computation Phototography MW 12:30 PM-01:50 PM,CS 371 Knowledge Representation and Reasoning TuTh 02:00 PM-03:20 PM,CS 496 Graduate Algorithms TuTh 11:00 AM-12:20 PM,CS 322 Compilers TuTh 05:00 PM-06:20 PM,CS 349 ML MW 12:30 PM-01:50 PM,0,CS,MS,Fall 2021,CS,Systems,"C/C++, Go","Algorithms, Compilers, Data structures, Databases, Discrete math, Machine learning, Networks, Operating systems, Statistics"
name012,CS 396 Generative Methods MW 08:00 AM-09:20 AM,CS 496 Distributed Systems in Challenging Environments MW 03:30 PM-04:50 PM,CS 349 ML MW 12:30 PM-01:50 PM,CS 496 Graduate Algorithms TuTh 11:00 AM-12:20 PM,CS 397/497 Data Privacy TuTh 03:30 PM-04:50 PM,0,CS,MS,Fall 2021,CS,0,"C/C++, C#, Go, Java, JavaScript, PHP, Python","Algorithms, Compilers, Data structures, Databases, Discrete math, Networks, Operating systems, Statistics"
name096,CS 348 AI MWF 11:00 AM-11:50 AM,CS 396/496 Advanced Topics in Modern Cryptography TuTh 09:30 AM-10:50 AM,CS 377 Game Development Studio MW 06:30 PM-07:50 PM,CS 396 Intro to Web Development MWF 08:00 AM-08:50 AM,0,0,CS,MS,Fall 2021,0,AI/ML,"C/C++, Java, JavaScript, Python",0
name049,CS 343 Operating Systems TuTh 09:30 AM-10:50 AM,CS 340 Networking TuTh 09:30 AM-10:50 AM,CS 339 Databases TuTh 11:00 AM-12:20 PM,CS 396/496 Advanced Topics in Modern Cryptography TuTh 09:30 AM-10:50 AM,CS 496 Distributed Systems in Challenging Environments MW 03:30 PM-04:50 PM,0,CE,MS,Fall 2021,Telecommunications Engineering,Systems,"C/C++, Python",0
name097,CS 396 Advanced Algorithm Design through the Lens of Competitive Programming F 02:00 PM-04:50 PM,CS 339 Databases TuTh 11:00 AM-12:20 PM,CS 321 Programming languages TuTh 03:30 PM-04:50 PM,CS 396 Modeling Relationships with Causal Inference MW 05:00 PM-06:20 PM,CS 396 Social Networks Analysis Th 06:30 PM-09:20 PM,0,CS,MS,Spring 2021,CS,Theory,"C/C++, C#, Go, Java, JavaScript, Python, Rust","Algorithms, Data structures, Databases, Discrete math, Machine learning, Networks, Operating systems, Statistics"
name098,CS 338 Practicum in Intelligent Information Systems TuTh 11:00 AM-12:20 PM,CS 396 Intro to Web Development MWF 08:00 AM-08:50 AM,CS 377 Game Development Studio MW 06:30 PM-07:50 PM,0,0,0,CS,MS,Spring 2021,CS,0,"C/C++, C#, Java, JavaScript, Python","Algorithms, Data structures, Discrete math, Machine learning, Networks"
name093,CS 336 Algorithms TuTh 09:30 AM-10:50 AM,CS 396 Intro to Web Development MWF 08:00 AM-08:50 AM,CS 339 Databases TuTh 11:00 AM-12:20 PM,CS 496 Distributed Systems in Challenging Environments MW 03:30 PM-04:50 PM,CS 397/497 Data Privacy TuTh 03:30 PM-04:50 PM,0,EE,MS,Spring 2021,0,0,"Go, Java, JavaScript, Python","Data structures, Machine learning, Networks, Operating systems, Statistics"
name099,CS 349 ML MW 12:30 PM-01:50 PM,CS 348 AI MWF 11:00 AM-11:50 AM,0,0,0,0,CS,PhD,Fall 2021,0,AI/ML,Python,0
name100,CS 343 Operating Systems TuTh 09:30 AM-10:50 AM,CS 377 Game Development Studio MW 06:30 PM-07:50 PM,CS 340 Networking TuTh 09:30 AM-10:50 AM,0,0,0,CE,MS,Fall 2021,EE,Systems,"C/C++, Python",Computer Graphics
name101,CS 396 Generative Methods MW 08:00 AM-09:20 AM,CS 321 Programming languages TuTh 03:30 PM-04:50 PM,CS 396 Intro to Web Development MWF 08:00 AM-08:50 AM,CS 396 Social Networks Analysis Th 06:30 PM-09:20 PM,0,0,CS,MS,Spring 2021,CS,AI/ML,"C/C++, Java, JavaScript, Python","Algorithms, Compilers, Data structures, Databases, Discrete math, Machine learning, Networks, Operating systems, Statistics"
name102,CS 396/496 Interactive Information Visualization TuTh 03:30 PM-04:50 PM,CS 396 Intro to Web Development MWF 08:00 AM-08:50 AM,CS 338 Practicum in Intelligent Information Systems TuTh 11:00 AM-12:20 PM,CS 348 AI MWF 11:00 AM-11:50 AM,CS 339 Databases TuTh 11:00 AM-12:20 PM,0,CS,MS,Fall 2021,CS,HCI/Graphics,"C/C++, Go, Java, JavaScript","Algorithms, Compilers, Data structures, Networks, Operating systems"
name103,CS 371 Knowledge Representation and Reasoning TuTh 02:00 PM-03:20 PM,CS 349 ML MW 12:30 PM-01:50 PM,CS 348 AI MWF 11:00 AM-11:50 AM,0,0,0,CS,PhD,Fall 2021,EE,AI/ML,"JavaScript, Lisp","Algorithms, Machine learning"
name104,CS 396/496 Interactive Information Visualization TuTh 03:30 PM-04:50 PM,CS 396 Social Networks Analysis Th 06:30 PM-09:20 PM,CS 348 AI MWF 11:00 AM-11:50 AM,CS 396 Intro to Web Development MWF 08:00 AM-08:50 AM,CS 339 Databases TuTh 11:00 AM-12:20 PM,0,CS,MS,Fall 2021,CS,AI/ML,"C/C++, Java, JavaScript, Python","Algorithms, Compilers, Data structures, Databases, Discrete math, Machine learning, Networks, Operating systems, Statistics"
name105,CS 496 Visualization for Scientific Communication W 03:00 PM-05:50 PM,CS 496 The Design of Technological tools for Thinking and learning W 02:00 PM-04:50 PM,CS 396 Communicating Computer Science MW 05:00 PM-06:20 PM,0,0,0,EE,PhD,Fall 2019,CS,AI/ML,"C/C++, Python","Databases, Machine learning, Deep learning"
name029,CS 396 Intro to Web Development MWF 08:00 AM-08:50 AM,CS 496 Visualization for Scientific Communication W 03:00 PM-05:50 PM,CS 331 Intro. Computation Phototography MW 12:30 PM-01:50 PM,CS 396 Communicating Computer Science MW 05:00 PM-06:20 PM,CS 396 Intro to Web Development MWF 08:00 AM-08:50 AM,0,CS,MS,Fall 2021,CS,AI/ML,"C/C++, Java, JavaScript, Python","Algorithms, Compilers, Data structures, Databases, Discrete math, Machine learning, Networks, Operating systems, Statistics"
name106,CS 396 Social Networks Analysis Th 06:30 PM-09:20 PM,CS 396 Social Networks Analysis Th 06:30 PM-09:20 PM,CS 396 Social Networks Analysis Th 06:30 PM-09:20 PM,0,0,0,MSIT,MS,Fall 2021,CS,Systems,"C/C++, Java, JavaScript, PHP, Python, R, SAS, MIPS,HTML","Algorithms, Data structures, Databases, Discrete math, Machine learning, Operating systems, Statistics"
name107,CS 371 Knowledge Representation and Reasoning TuTh 02:00 PM-03:20 PM,CS 339 Databases TuTh 11:00 AM-12:20 PM,CS 496 Graduate Algorithms TuTh 11:00 AM-12:20 PM,CS 336 Algorithms TuTh 09:30 AM-10:50 AM,CS 322 Compilers TuTh 05:00 PM-06:20 PM,0,CS,MS,Fall 2021,CS,0,0,0
name104,CS 396/496 Interactive Information Visualization TuTh 03:30 PM-04:50 PM,CS 396 Social Networks Analysis Th 06:30 PM-09:20 PM,CS 348 AI MWF 11:00 AM-11:50 AM,CS 396 Intro to Web Development MWF 08:00 AM-08:50 AM,CS 371 Knowledge Representation and Reasoning TuTh 02:00 PM-03:20 PM,0,CS,MS,Fall 2021,CS,AI/ML,"C/C++, Java, JavaScript, Python","Algorithms, Compilers, Data structures, Databases, Discrete math, Machine learning, Networks, Operating systems, Statistics"
name108,CS 321 Programming languages TuTh 03:30 PM-04:50 PM,CS 331 Intro. Computation Phototography MW 12:30 PM-01:50 PM,CS 396 Intro to Web Development MWF 08:00 AM-08:50 AM,CS 322 Compilers TuTh 05:00 PM-06:20 PM,0,0,CS,MS,Spring 2021,CS,0,"C/C++, Go, Java, JavaScript, Lisp, Python, Rust","Databases, Machine learning, Distributed Systems, AI"
name109,CS 336 Algorithms TuTh 09:30 AM-10:50 AM,CS 396/496 Advanced Topics in Modern Cryptography TuTh 09:30 AM-10:50 AM,CS 349 ML MW 12:30 PM-01:50 PM,0,0,0,CS,PhD,Winter 2021,CS,Systems,"C/C++, Java",Intro to Cryptography
name110,CS 496 Distributed Systems in Challenging Environments MW 03:30 PM-04:50 PM,CS 340 Networking TuTh 09:30 AM-10:50 AM,CS 496 The Design of Technological tools for Thinking and learning W 02:00 PM-04:50 PM,CS 331 Intro. Computation Phototography MW 12:30 PM-01:50 PM,CS 397/497 Data Privacy TuTh 03:30 PM-04:50 PM,0,CS,MS,Fall 2021,CS,0,"C/C++, C#, Go, Java, JavaScript, Python","Algorithms, Data structures, Databases, Discrete math, Machine learning, Operating systems, Statistics"
name044,CS 496 Graduate Algorithms TuTh 11:00 AM-12:20 PM,CS 349 ML MW 12:30 PM-01:50 PM,CS 496 Topics in Complexity MW 03:30 PM-04:50 PM,CS 336 Algorithms TuTh 09:30 AM-10:50 AM,CS 396 Advanced Algorithm Design through the Lens of Competitive Programming F 02:00 PM-04:50 PM,0,CS,PhD,Fall 2021,Math,Theory,Python,"Algorithms, Data structures, Discrete math, Statistics"
name111,CS 339 Databases TuTh 11:00 AM-12:20 PM,CS 397/497 Data Privacy TuTh 03:30 PM-04:50 PM,CS 321 Programming languages TuTh 03:30 PM-04:50 PM,0,0,0,CS,PhD,Fall 2021,Statistics,Systems,"C/C++, Python, R","Algorithms, Data structures, Discrete math, Machine learning, Statistics"
name112,CS 340 Networking TuTh 09:30 AM-10:50 AM,CS 339 Databases TuTh 11:00 AM-12:20 PM,CS 496 Distributed Systems in Challenging Environments MW 03:30 PM-04:50 PM,CS 377 Game Development Studio MW 06:30 PM-07:50 PM,CS 396/496 Interactive Information Visualization TuTh 03:30 PM-04:50 PM,0,CS,MS,Fall 2021,CS,Systems,"C/C++, Go, Java, JavaScript, Python, Rust","Algorithms, Compilers, Data structures, Databases, Discrete math, Machine learning, Networks, Operating systems"
name113,CS 331 Intro. Computation Phototography MW 12:30 PM-01:50 PM,CS 336 Algorithms TuTh 09:30 AM-10:50 AM,CS 348 AI MWF 11:00 AM-11:50 AM,CS 349 ML MW 12:30 PM-01:50 PM,CS 338 Practicum in Intelligent Information Systems TuTh 11:00 AM-12:20 PM,0,EE,MS,Fall 2021,Communication Engineering,0,"Java, Python","Algorithms, Data structures, Databases, Machine learning, Networks"
name114,CS 496 The Design of Technological tools for Thinking and learning W 02:00 PM-04:50 PM,CS 349 ML MW 12:30 PM-01:50 PM,CS 339 Databases TuTh 11:00 AM-12:20 PM,CS 396 Communicating Computer Science MW 05:00 PM-06:20 PM,CS 496 Visualization for Scientific Communication W 03:00 PM-05:50 PM,0,CS,BS/MS,Before Fall 2019,CS,0,"C/C++, C#, Java, JavaScript, Python","Algorithms, Data structures, Discrete math, Networks, Statistics"
name115,CS 343 Operating Systems TuTh 09:30 AM-10:50 AM,CS 339 Databases TuTh 11:00 AM-12:20 PM,CS 322 Compilers TuTh 05:00 PM-06:20 PM,0,0,0,EE,PhD,Fall 2021,automation,computer vision,"C/C++, Python","Data structures, Machine learning"
name116,CS 396 Intro to Web Development MWF 08:00 AM-08:50 AM,CS 396 Communicating Computer Science MW 05:00 PM-06:20 PM,CS 397/497 INNOVATION LAB Building Technologies for the Law Tu 02:30 PM-05:30 PM,CS 397/497 Data Privacy TuTh 03:30 PM-04:50 PM,CS 396 Social Networks Analysis Th 06:30 PM-09:20 PM,0,CS,MS,Spring 2021,CS,0,"C/C++, Java, JavaScript, Lisp, Python","Algorithms, Data structures, Databases, Discrete math, Machine learning, Networks, Operating systems, Statistics"
name117,CS 336 Algorithms TuTh 09:30 AM-10:50 AM,CS 496 Visualization for Scientific Communication W 03:00 PM-05:50 PM,0,0,0,0,CE,PhD,Fall 2019,CS,AI/ML,"Java, Python","Machine learning, Networks"
name118,CS 338 Practicum in Intelligent Information Systems TuTh 11:00 AM-12:20 PM,CS 336 Algorithms TuTh 09:30 AM-10:50 AM,CS 348 AI MWF 11:00 AM-11:50 AM,CS 396 Social Networks Analysis Th 06:30 PM-09:20 PM,0,0,CS,MS,Fall 2021,CS,0,"C/C++, Java, JavaScript, Python","Algorithms, Compilers, Data structures, Databases, Discrete math, Machine learning, Networks, Operating systems, Statistics"
name119,CS 396/496 Interactive Information Visualization TuTh 03:30 PM-04:50 PM,0,0,0,0,0,CS,PhD,Fall 2020,EE,0,Python,Machine learning
name120,CS 339 Databases TuTh 11:00 AM-12:20 PM,CS 396 Generative Methods MW 08:00 AM-09:20 AM,CS 349 ML MW 12:30 PM-01:50 PM,CS 396/496 Interactive Information Visualization TuTh 03:30 PM-04:50 PM,CS 338 Practicum in Intelligent Information Systems TuTh 11:00 AM-12:20 PM,0,CS,MS,Fall 2021,CS,AI/ML,"C/C++, Python","Algorithms, Data structures, Discrete math, Machine learning, Operating systems, Statistics"
name121,CS 348 AI MWF 11:00 AM-11:50 AM,CS 331 Intro. Computation Phototography MW 12:30 PM-01:50 PM,CS 339 Databases TuTh 11:00 AM-12:20 PM,CS 496 Graduate Algorithms TuTh 11:00 AM-12:20 PM,CS 396 Generative Methods MW 08:00 AM-09:20 AM,0,CS,MS,Fall 2021,CS,AI/ML,"C/C++, C#, Java, Lisp, Python",0
name122,CS 331 Intro. Computation Phototography MW 12:30 PM-01:50 PM,CS 396 Generative Methods MW 08:00 AM-09:20 AM,CS 339 Databases TuTh 11:00 AM-12:20 PM,CS 351.2 Intermediate CG TuTh 02:00 PM-03:20 PM,CS 496 Graduate Algorithms TuTh 11:00 AM-12:20 PM,0,CS,MS,Fall 2021,Software Engineering,0,"C/C++, Java, JavaScript, Python","Algorithms, Compilers, Data structures, Discrete math, Machine learning, Operating systems"
name123,CS 396 Intro to Web Development MWF 08:00 AM-08:50 AM,CS 340 Networking TuTh 09:30 AM-10:50 AM,CS 371 Knowledge Representation and Reasoning TuTh 02:00 PM-03:20 PM,CS 348 AI MWF 11:00 AM-11:50 AM,CS 496 Distributed Systems in Challenging Environments MW 03:30 PM-04:50 PM,0,CS,MS,Fall 2021,CS,Systems,"Java, Scala","Algorithms, Data structures, Databases, Discrete math"
name071,CS 349 ML MW 12:30 PM-01:50 PM,CS 339 Databases TuTh 11:00 AM-12:20 PM,CS 371 Knowledge Representation and Reasoning TuTh 02:00 PM-03:20 PM,CS 331 Intro. Computation Phototography MW 12:30 PM-01:50 PM,CS 336 Algorithms TuTh 09:30 AM-10:50 AM,0,CE,MS,Spring 2021,EE,AI/ML,"C/C++, Go, Python","Data structures, Databases, Machine learning"
name124,CS 396 Generative Methods MW 08:00 AM-09:20 AM,CS 339 Databases TuTh 11:00 AM-12:20 PM,CS 396 Social Networks Analysis Th 06:30 PM-09:20 PM,CS 349 ML MW 12:30 PM-01:50 PM,CS 371 Knowledge Representation and Reasoning TuTh 02:00 PM-03:20 PM,0,CS,MS,Winter 2021,CS,0,"C/C++, Java, JavaScript, Racket",0
name125,CS 396 Advanced Algorithm Design through the Lens of Competitive Programming F 02:00 PM-04:50 PM,CS 396 Modeling Relationships with Causal Inference MW 05:00 PM-06:20 PM,0,0,0,0,Robotics,MSR,Fall 2021,ME&ECE,SLAM,"C/C++, Python","Algorithms, Compilers, Data structures, Databases, Discrete math, Machine learning, Statistics, Operating systems learning by myself"
name010,CS 339 Databases TuTh 11:00 AM-12:20 PM,CS 348 AI MWF 11:00 AM-11:50 AM,CS 396 Intro to Web Development MWF 08:00 AM-08:50 AM,CS 321 Programming languages TuTh 03:30 PM-04:50 PM,CS 343 Operating Systems TuTh 09:30 AM-10:50 AM,0,EE,MS,Winter 2021,CE,Systems,"C/C++, C#, Java, Python, Rust","Data structures, Machine learning, Statistics, Game Design"
name022,CS 331 Intro. Computation Phototography MW 12:30 PM-01:50 PM,CS 496 Graduate Algorithms TuTh 11:00 AM-12:20 PM,CS 377 Game Development Studio MW 06:30 PM-07:50 PM,CS 371 Knowledge Representation and Reasoning TuTh 02:00 PM-03:20 PM,0,0,CS,MS,Fall 2021,CS,0,"C/C++, Python",0
name126,CS 343 Operating Systems TuTh 09:30 AM-10:50 AM,CS 397/497 Data Privacy TuTh 03:30 PM-04:50 PM,CS 351.2 Intermediate CG TuTh 02:00 PM-03:20 PM,CS 396 Advanced Algorithm Design through the Lens of Competitive Programming F 02:00 PM-04:50 PM,CS 496 The Design of Technological tools for Thinking and learning W 02:00 PM-04:50 PM,0,CS,MS,Spring 2021,CS,0,"C/C++, Java, JavaScript, Python","Algorithms, Data structures, Databases, Discrete math, Machine learning, Networks, Statistics"
name127,CS 339 Databases TuTh 11:00 AM-12:20 PM,CS 331 Intro. Computation Phototography MW 12:30 PM-01:50 PM,CS 338 Practicum in Intelligent Information Systems TuTh 11:00 AM-12:20 PM,CS 396/496 Interactive Information Visualization TuTh 03:30 PM-04:50 PM,CS 496 Distributed Systems in Challenging Environments MW 03:30 PM-04:50 PM,0,CS,MS,Fall 2021,EE,AI/ML,"C/C++, Java, Python","Data structures, Discrete math, Machine learning, Operating systems"
name128,CS 339 Databases TuTh 11:00 AM-12:20 PM,CS 349 ML MW 12:30 PM-01:50 PM,CS 340 Networking TuTh 09:30 AM-10:50 AM,CS 371 Knowledge Representation and Reasoning TuTh 02:00 PM-03:20 PM,CS 397/497 Data Privacy TuTh 03:30 PM-04:50 PM,0,CS,MS,Fall 2021,CS,0,"C/C++, Java, PHP, Python","Algorithms, Compilers, Data structures, Databases, Discrete math, Networks, Operating systems, Statistics, Artificial Intelligence, Applied Linear Algebra"
name129,CS 396 Social Networks Analysis Th 06:30 PM-09:20 PM,CS 338 Practicum in Intelligent Information Systems TuTh 11:00 AM-12:20 PM,CS 339 Databases TuTh 11:00 AM-12:20 PM,CS 397/497 INNOVATION LAB Building Technologies for the Law Tu 02:30 PM-05:30 PM,CS 396/496 Interactive Information Visualization TuTh 03:30 PM-04:50 PM,0,CS,MS,Fall 2021,CS,0,"C/C++, Java, JavaScript, Python","Algorithms, Compilers, Data structures, Databases, Discrete math, Machine learning, Networks, Operating systems, Statistics"
name130,CS 338 Practicum in Intelligent Information Systems TuTh 11:00 AM-12:20 PM,CS 339 Databases TuTh 11:00 AM-12:20 PM,CS 496 The Design of Technological tools for Thinking and learning W 02:00 PM-04:50 PM,CS 396/496 Interactive Information Visualization TuTh 03:30 PM-04:50 PM,CS 496 Distributed Systems in Challenging Environments MW 03:30 PM-04:50 PM,0,MSIT,MSIT,Fall 2021,Information science and technology,Systems,"JavaScript, Python",Statistics
name131,CS 396 Generative Methods MW 08:00 AM-09:20 AM,CS 340 Networking TuTh 09:30 AM-10:50 AM,CS 338 Practicum in Intelligent Information Systems TuTh 11:00 AM-12:20 PM,CS 396 Intro to Web Development MWF 08:00 AM-08:50 AM,CS 397/497 INNOVATION LAB Building Technologies for the Law Tu 02:30 PM-05:30 PM,0,CS,MS,Fall 2021,CS,0,"C/C++, Java, JavaScript, Python","Algorithms, Data structures, Databases"
name132,CS 336 Algorithms TuTh 09:30 AM-10:50 AM,CS 321 Programming languages TuTh 03:30 PM-04:50 PM,CS 343 Operating Systems TuTh 09:30 AM-10:50 AM,0,0,0,CS,PhD,Fall 2021,CS,HCI/Graphics,"C/C++, Java, JavaScript, Python, Scala","Data structures, Discrete math"
name133,CS 343 Operating Systems TuTh 09:30 AM-10:50 AM,CS 496 Distributed Systems in Challenging Environments MW 03:30 PM-04:50 PM,CS 339 Databases TuTh 11:00 AM-12:20 PM,CS 396/496 Advanced Topics in Modern Cryptography TuTh 09:30 AM-10:50 AM,CS 336 Algorithms TuTh 09:30 AM-10:50 AM,0,EE,MS,Fall 2021,Physics,AI/ML,"C/C++, Python","Algorithms, Data structures, Discrete math, Machine learning, Statistics"
name134,CS 322 Compilers TuTh 05:00 PM-06:20 PM,CS 336 Algorithms TuTh 09:30 AM-10:50 AM,CS 339 Databases TuTh 11:00 AM-12:20 PM,CS 343 Operating Systems TuTh 09:30 AM-10:50 AM,CS 321 Programming languages TuTh 03:30 PM-04:50 PM,0,EE,PhD,Fall 2021,EE,AI/ML,"C/C++, Python","Machine learning, Statistics"
name135,CS 377 Game Development Studio MW 06:30 PM-07:50 PM,CS 340 Networking TuTh 09:30 AM-10:50 AM,CS 348 AI MWF 11:00 AM-11:50 AM,CS 396 Intro to Web Development MWF 08:00 AM-08:50 AM,CS 396 Generative Methods MW 08:00 AM-09:20 AM,0,CE,MS,Fall 2021,CE,AI/ML,"C/C++, C#, Java, JavaScript, Python","Algorithms, Data structures, Databases, Discrete math, Machine learning, Networks, Operating systems, Statistics"
name135,CS 377 Game Development Studio MW 06:30 PM-07:50 PM,CS 348 AI MWF 11:00 AM-11:50 AM,CS 340 Networking TuTh 09:30 AM-10:50 AM,CS 396 Generative Methods MW 08:00 AM-09:20 AM,CS 396 Intro to Web Development MWF 08:00 AM-08:50 AM,0,CE,MS,Fall 2021,CE,AI/ML,"C/C++, C#, Java, JavaScript, Python","Algorithms, Data structures, Databases, Discrete math, Machine learning, Networks, Statistics"
name136,CS 396 Intro to Web Development MWF 08:00 AM-08:50 AM,CS 331 Intro. Computation Phototography MW 12:30 PM-01:50 PM,CS 396/496 Interactive Information Visualization TuTh 03:30 PM-04:50 PM,CS 348 AI MWF 11:00 AM-11:50 AM,CS 351.2 Intermediate CG TuTh 02:00 PM-03:20 PM,0,CE,MS,Fall 2021,CE,AI/ML,"C/C++, JavaScript, Python","Algorithms, Data structures, Discrete math, Machine learning, Statistics"
name131,CS 396 Generative Methods MW 08:00 AM-09:20 AM,CS 338 Practicum in Intelligent Information Systems TuTh 11:00 AM-12:20 PM,CS 348 AI MWF 11:00 AM-11:50 AM,CS 396/496 Interactive Information Visualization TuTh 03:30 PM-04:50 PM,CS 396 Intro to Web Development MWF 08:00 AM-08:50 AM,0,CS,MS,Fall 2021,CS,info sys,"C/C++, Java, JavaScript, Python","Algorithms, Data structures, Databases, Networks, Statistics"
name137,CS 396 Social Networks Analysis Th 06:30 PM-09:20 PM,CS 396/496 Advanced Topics in Modern Cryptography TuTh 09:30 AM-10:50 AM,CS 348 AI MWF 11:00 AM-11:50 AM,CS 396 Intro to Web Development MWF 08:00 AM-08:50 AM,0,0,CE,MS,Fall 2021,CS,0,"C/C++, Java, JavaScript, Python, Ruby","Algorithms, Data structures, Databases, Discrete math, Networks, Operating systems, Statistics"
name138,CS 322 Compilers TuTh 05:00 PM-06:20 PM,CS 377 Game Development Studio MW 06:30 PM-07:50 PM,CS 331 Intro. Computation Phototography MW 12:30 PM-01:50 PM,CS 321 Programming languages TuTh 03:30 PM-04:50 PM,0,0,EE,MS,Fall 2021,EE,0,"C/C++, Python, Rust","Algorithms, Compilers, Discrete math, Machine learning, Operating systems, Statistics"
name139,0,0,0,0,0,0,CS,PhD,Fall 2021,CS,Theory,"C/C++, Java, JavaScript, Python","Algorithms, Data structures, Discrete math, Machine learning, Operating systems"
name140,CS 396 Advanced Algorithm Design through the Lens of Competitive Programming F 02:00 PM-04:50 PM,0,0,0,0,0,CS,MS,Summer 2021,0,AI/ML,"Java, Python","Algorithms, Data structures, Databases, Machine learning"
name141,CS 331 Intro. Computation Phototography MW 12:30 PM-01:50 PM,CS 339 Databases TuTh 11:00 AM-12:20 PM,CS 349 ML MW 12:30 PM-01:50 PM,CS 321 Programming languages TuTh 03:30 PM-04:50 PM,CS 348 AI MWF 11:00 AM-11:50 AM,0,CS,MS,Fall 2021,0,0,0,0
name142,CS 349 ML MW 12:30 PM-01:50 PM,CS 496 Graduate Algorithms TuTh 11:00 AM-12:20 PM,CS 339 Databases TuTh 11:00 AM-12:20 PM,0,0,0,CS,PhD,Fall 2021,CS,Systems,"C/C++, Java, JavaScript, Python","Algorithms, Data structures, Discrete math, Networks, Operating systems"
name075,CS 340 Networking TuTh 09:30 AM-10:50 AM,CS 397/497 Data Privacy TuTh 03:30 PM-04:50 PM,CS 396/496 Interactive Information Visualization TuTh 03:30 PM-04:50 PM,CS 348 AI MWF 11:00 AM-11:50 AM,CS 339 Databases TuTh 11:00 AM-12:20 PM,0,CS,MS,Fall 2021,CS,0,"C/C++, C#, Java, Python, Rust","Algorithms, Data structures, Discrete math, Machine learning, Statistics"
name143,CS 396 Intro to Web Development MWF 08:00 AM-08:50 AM,CS 339 Databases TuTh 11:00 AM-12:20 PM,CS 340 Networking TuTh 09:30 AM-10:50 AM,CS 396/496 Interactive Information Visualization TuTh 03:30 PM-04:50 PM,CS 343 Operating Systems TuTh 09:30 AM-10:50 AM,0,MSIT,MSIT,Spring 2021,Financial Engineering,0,"Go, Java, JavaScript, Python, Ruby","Algorithms, Data structures, Discrete math, Statistics"
name144,CS 349 ML MW 12:30 PM-01:50 PM,0,0,0,0,0,MSR,MS,Fall 2021,CS,Theory,"C/C++, C#, Java, JavaScript, Lisp, Python","Algorithms, Compilers, Data structures, Discrete math, Operating systems"
name145,CS 396 Social Networks Analysis Th 06:30 PM-09:20 PM,CS 371 Knowledge Representation and Reasoning TuTh 02:00 PM-03:20 PM,CS 396 Generative Methods MW 08:00 AM-09:20 AM,CS 396 Advanced Algorithm Design through the Lens of Competitive Programming F 02:00 PM-04:50 PM,CS 338 Practicum in Intelligent Information Systems TuTh 11:00 AM-12:20 PM,0,CS,MS,Fall 2021,CS,0,"C/C++, Java, Python","Algorithms, Data structures, Databases, Discrete math, Machine learning, Operating systems, Statistics"
name146,CS 397/497 Data Privacy TuTh 03:30 PM-04:50 PM,CS 322 Compilers TuTh 05:00 PM-06:20 PM,CS 343 Operating Systems TuTh 09:30 AM-10:50 AM,CS 396 Social Networks Analysis Th 06:30 PM-09:20 PM,0,0,CS,PhD,Fall 2020,CS / Biology,Currently Theory but might switch to systems,"C/C++, Java, Python, R","Algorithms, Data structures, Discrete math"
name147,CS 322 Compilers TuTh 05:00 PM-06:20 PM,CS 339 Databases TuTh 11:00 AM-12:20 PM,CS 396 Generative Methods MW 08:00 AM-09:20 AM,CS 496 The Design of Technological tools for Thinking and learning W 02:00 PM-04:50 PM,0,0,CS,MS,Fall 2021,CS,0,"C/C++, Java, Python","Algorithms, Data structures, Databases, Discrete math, Machine learning, Networks, Operating systems"
name139,CS 396 Kolmogorov Complexity TuTh 12:30 PM-01:50 PM,CS 331 Intro. Computation Phototography MW 12:30 PM-01:50 PM,CS 321 Programming languages TuTh 03:30 PM-04:50 PM,CS 396 Generative Methods MW 08:00 AM-09:20 AM,CS 340 Networking TuTh 09:30 AM-10:50 AM,0,CS,PhD,Fall 2021,CS,Theory,"C/C++, Java, JavaScript, Python, OCaml, Clojure, Julia, Scheme,","Algorithms, Data structures, Discrete math, Machine learning, Operating systems, complexity, Fourier Analysis of Boolean Functions, Computer Systems"
name148,CS 331 Intro. Computation Phototography MW 12:30 PM-01:50 PM,CS 336 Algorithms TuTh 09:30 AM-10:50 AM,CS 339 Databases TuTh 11:00 AM-12:20 PM,CS 396 Intro to Web Development MWF 08:00 AM-08:50 AM,CS 348 AI MWF 11:00 AM-11:50 AM,0,EE,MS,Fall 2021,EE,0,"C/C++, Python","Algorithms, Data structures, Discrete math, Machine learning, Computer Vision"
name149,CS 331 Intro. Computation Phototography MW 12:30 PM-01:50 PM,CS 336 Algorithms TuTh 09:30 AM-10:50 AM,CS 339 Databases TuTh 11:00 AM-12:20 PM,CS 396 Intro to Web Development MWF 08:00 AM-08:50 AM,CS 348 AI MWF 11:00 AM-11:50 AM,0,EE,MS,Fall 2021,EE,0,"C/C++, Python",Machine learning
name150,CS 331 Intro. Computation Phototography MW 12:30 PM-01:50 PM,CS 396 Intro to Web Development MWF 08:00 AM-08:50 AM,CS 339 Databases TuTh 11:00 AM-12:20 PM,CS 343 Operating Systems TuTh 09:30 AM-10:50 AM,CS 336 Algorithms TuTh 09:30 AM-10:50 AM,0,EE,MS,Fall 2021,Information Engineering,0,"C/C++, Java, Python","Data structures, Databases, Machine learning, Networks, Statistics"
name151,CS 322 Compilers TuTh 05:00 PM-06:20 PM,CS 340 Networking TuTh 09:30 AM-10:50 AM,CS 349 ML MW 12:30 PM-01:50 PM,CS 331 Intro. Computation Phototography MW 12:30 PM-01:50 PM,CS 343 Operating Systems TuTh 09:30 AM-10:50 AM,0,CS,PhD,Fall 2021,CS,Systems,"C/C++, Go, Java, JavaScript, Lisp, PHP, Python, Ruby, Rust",Compiler Analysis and Transformation
name090,CS 331 Intro. Computation Phototography MW 12:30 PM-01:50 PM,CS 339 Databases TuTh 11:00 AM-12:20 PM,CS 348 AI MWF 11:00 AM-11:50 AM,CS 396 Intro to Web Development MWF 08:00 AM-08:50 AM,CS 336 Algorithms TuTh 09:30 AM-10:50 AM,0,EE,MS,Fall 2021,EE,Systems,"C/C++, Python",Machine learning
name150,CS 331 Intro. Computation Phototography MW 12:30 PM-01:50 PM,CS 396 Intro to Web Development MWF 08:00 AM-08:50 AM,CS 336 Algorithms TuTh 09:30 AM-10:50 AM,CS 339 Databases TuTh 11:00 AM-12:20 PM,CS 343 Operating Systems TuTh 09:30 AM-10:50 AM,0,EE,MS,Fall 2021,Information Engineering,0,"C/C++, Java, Python","Data structures, Databases, Machine learning, Networks, Statistics, Introduction to computer vision"
name150,CS 331 Intro. Computation Phototography MW 12:30 PM-01:50 PM,CS 396 Intro to Web Development MWF 08:00 AM-08:50 AM,CS 339 Databases TuTh 11:00 AM-12:20 PM,CS 336 Algorithms TuTh 09:30 AM-10:50 AM,CS 338 Practicum in Intelligent Information Systems TuTh 11:00 AM-12:20 PM,0,EE,MS,Fall 2021,Information Engineering,0,"C/C++, Java, Python","Data structures, Databases, Machine learning, Networks, Statistics, Intro to Computer Vision"
name152,CS 348 AI MWF 11:00 AM-11:50 AM,CS 331 Intro. Computation Phototography MW 12:30 PM-01:50 PM,CS 496 The Design of Technological tools for Thinking and learning W 02:00 PM-04:50 PM,0,0,0,CE,MS,Fall 2021,CS,AI/ML,"C/C++, Java, Python","Algorithms, Compilers, Data structures, Databases, Discrete math, Machine learning, Networks, Operating systems, Statistics"
name149,CS 331 Intro. Computation Phototography MW 12:30 PM-01:50 PM,CS 336 Algorithms TuTh 09:30 AM-10:50 AM,CS 339 Databases TuTh 11:00 AM-12:20 PM,CS 338 Practicum in Intelligent Information Systems TuTh 11:00 AM-12:20 PM,CS 396 Intro to Web Development MWF 08:00 AM-08:50 AM,0,EE,MS,Fall 2021,EE,0,"C/C++, Python",Machine learning
name153,CS 336 Algorithms TuTh 09:30 AM-10:50 AM,CS 371 Knowledge Representation and Reasoning TuTh 02:00 PM-03:20 PM,CS 348 AI MWF 11:00 AM-11:50 AM,CS 396 Intro to Web Development MWF 08:00 AM-08:50 AM,CS 343 Operating Systems TuTh 09:30 AM-10:50 AM,0,CS,MS,Fall 2021,CE,0,"C/C++, C#, Java, Lisp, PHP, Python","Algorithms, Compilers, Data structures, Databases, Discrete math, Machine learning, Networks, Operating systems, Statistics, Artificial Intelligence, Data Analytics, Natural Language Processing"
name154,CS 496 Graduate Algorithms TuTh 11:00 AM-12:20 PM,CS 321 Programming languages TuTh 03:30 PM-04:50 PM,CS 336 Algorithms TuTh 09:30 AM-10:50 AM,CS 343 Operating Systems TuTh 09:30 AM-10:50 AM,CS 396 Intro to Web Development MWF 08:00 AM-08:50 AM,0,CE,MS,Fall 2020,CS,0,"C/C++, Java, Python","Algorithms, Compilers, Data structures, Databases, Discrete math, Machine learning, Networks, Operating systems, Statistics"
name155,CS 496 Topics in Complexity MW 03:30 PM-04:50 PM,CS 396 Advanced Algorithm Design through the Lens of Competitive Programming F 02:00 PM-04:50 PM,CS 396 Social Networks Analysis Th 06:30 PM-09:20 PM,0,0,0,CS,MS,Winter 2021,CS,0,"C/C++, JavaScript, Python","Algorithms, Compilers, Data structures, Databases, Discrete math, Networks, Operating systems, Statistics"
name156,CS 336 Algorithms TuTh 09:30 AM-10:50 AM,CS 338 Practicum in Intelligent Information Systems TuTh 11:00 AM-12:20 PM,CS 321 Programming languages TuTh 03:30 PM-04:50 PM,CS 371 Knowledge Representation and Reasoning TuTh 02:00 PM-03:20 PM,CS 396 Generative Methods MW 08:00 AM-09:20 AM,0,CS,MS,Fall 2021,CS,0,"C/C++, Java, JavaScript","Artificial Intelligence, Data Structure & Algorithms, Fundamental of Computer Programming II"
name157,CS 396 Advanced Algorithm Design through the Lens of Competitive Programming F 02:00 PM-04:50 PM,CS 340 Networking TuTh 09:30 AM-10:50 AM,CS 348 AI MWF 11:00 AM-11:50 AM,CS 339 Databases TuTh 11:00 AM-12:20 PM,CS 396 Generative Methods MW 08:00 AM-09:20 AM,0,CS,MS,Fall 2021,CE,Theory,"C/C++, JavaScript","Algorithms, Data structures, Discrete math"
name158,CS 396 Intro to Web Development MWF 08:00 AM-08:50 AM,CS 339 Databases TuTh 11:00 AM-12:20 PM,CS 331 Intro. Computation Phototography MW 12:30 PM-01:50 PM,CS 348 AI MWF 11:00 AM-11:50 AM,CS 340 Networking TuTh 09:30 AM-10:50 AM,0,CE,MS,Fall 2021,CS,0,"C/C++, C#, Go, Java, Python, Rust","Algorithms, Compilers, Data structures, Databases, Discrete math, Machine learning, Networks, Operating systems, Statistics"
name159,CS 349 ML MW 12:30 PM-01:50 PM,CS 338 Practicum in Intelligent Information Systems TuTh 11:00 AM-12:20 PM,CS 396 Intro to Web Development MWF 08:00 AM-08:50 AM,CS 396 Social Networks Analysis Th 06:30 PM-09:20 PM,CS 397/497 INNOVATION LAB Building Technologies for the Law Tu 02:30 PM-05:30 PM,0,CS,MS,Fall 2021,CS,0,"C/C++, Java, JavaScript, PHP, Python","Algorithms, Data structures, Databases, Discrete math, Machine learning, Networks, Operating systems, Statistics"
name160,CS 396 Intro to Web Development MWF 08:00 AM-08:50 AM,CS 397/497 Data Privacy TuTh 03:30 PM-04:50 PM,CS 351.2 Intermediate CG TuTh 02:00 PM-03:20 PM,CS 396/496 Interactive Information Visualization TuTh 03:30 PM-04:50 PM,CS 496 The Design of Technological tools for Thinking and learning W 02:00 PM-04:50 PM,0,CS,MS,Spring 2021,CS,0,"C/C++, Java, Python","Algorithms, Compilers, Data structures, Databases, Discrete math, Machine learning, Networks, Operating systems"
name161,CS 338 Practicum in Intelligent Information Systems TuTh 11:00 AM-12:20 PM,CS 371 Knowledge Representation and Reasoning TuTh 02:00 PM-03:20 PM,CS 396 Intro to Web Development MWF 08:00 AM-08:50 AM,CS 396 Generative Methods MW 08:00 AM-09:20 AM,CS 396 Social Networks Analysis Th 06:30 PM-09:20 PM,0,CS,MS,Fall 2020,Information System,0,"C#, Java, Python","Databases, Discrete math, Statistics"
name162,CS 343 Operating Systems TuTh 09:30 AM-10:50 AM,CS 496 Distributed Systems in Challenging Environments MW 03:30 PM-04:50 PM,CS 371 Knowledge Representation and Reasoning TuTh 02:00 PM-03:20 PM,CS 339 Databases TuTh 11:00 AM-12:20 PM,CS 338 Practicum in Intelligent Information Systems TuTh 11:00 AM-12:20 PM,0,EE,MS,Fall 2021,EE,0,"C/C++, Python","Algorithms, Data structures, Machine learning"
name163,CS 340 Networking TuTh 09:30 AM-10:50 AM,CS 396/496 Interactive Information Visualization TuTh 03:30 PM-04:50 PM,CS 496 The Design of Technological tools for Thinking and learning W 02:00 PM-04:50 PM,CS 348 AI MWF 11:00 AM-11:50 AM,CS 377 Game Development Studio MW 06:30 PM-07:50 PM,0,CE,MS,Fall 2021,CE,AI/ML,"C#, Python","Data structures, Discrete math, Machine learning, Operating systems, Statistics"
name164,CS 343 Operating Systems TuTh 09:30 AM-10:50 AM,CS 340 Networking TuTh 09:30 AM-10:50 AM,CS 339 Databases TuTh 11:00 AM-12:20 PM,CS 322 Compilers TuTh 05:00 PM-06:20 PM,CS 397/497 Data Privacy TuTh 03:30 PM-04:50 PM,0,CE,MS,Fall 2021,Automation,Systems,"C/C++, C#, Java, Python, Rust","Algorithms, Data structures, Databases, Discrete math, Machine learning, Networks, Statistics"
name165,CS 343 Operating Systems TuTh 09:30 AM-10:50 AM,CS 339 Databases TuTh 11:00 AM-12:20 PM,CS 349 ML MW 12:30 PM-01:50 PM,CS 340 Networking TuTh 09:30 AM-10:50 AM,CS 397/497 Data Privacy TuTh 03:30 PM-04:50 PM,0,CS,MS,Winter 2021,Biomedical Engineering,0,"C/C++, Go, JavaScript, Python, SQL, Racket, DSSL2","Algorithms, Data structures, Statistics"
name166,CS 336 Algorithms TuTh 09:30 AM-10:50 AM,CS 496 Graduate Algorithms TuTh 11:00 AM-12:20 PM,0,0,0,0,CS,MSIT,Fall 2020,0,0,"C/C++, Java, Python","Data structures, Databases, Machine learning, Operating systems, Statistics"
name167,CS 336 Algorithms TuTh 09:30 AM-10:50 AM,CS 377 Game Development Studio MW 06:30 PM-07:50 PM,CS 496 Graduate Algorithms TuTh 11:00 AM-12:20 PM,CS 496 Distributed Systems in Challenging Environments MW 03:30 PM-04:50 PM,CS 351.2 Intermediate CG TuTh 02:00 PM-03:20 PM,0,CS,MS,Fall 2020,CS,0,"C/C++, Python","Algorithms, Data structures, Databases, Discrete math, Machine learning"
name168,CS 349 ML MW 12:30 PM-01:50 PM,0,0,0,0,0,CS + LS,PhD,Fall 2020,CS and Art History,HCI/Graphics,"C/C++, Java, Python","Algorithms, Compilers, Data structures, Databases, Discrete math, Networks, Statistics"
name169,CS 336 Algorithms TuTh 09:30 AM-10:50 AM,CS 340 Networking TuTh 09:30 AM-10:50 AM,CS 339 Databases TuTh 11:00 AM-12:20 PM,CS 343 Operating Systems TuTh 09:30 AM-10:50 AM,CS 331 Intro. Computation Phototography MW 12:30 PM-01:50 PM,0,EE,MS,Fall 2021,EE,0,"C/C++, Java, Python","Statistics, EE475 ML"
name170,CS 496 Topics in Complexity MW 03:30 PM-04:50 PM,0,0,0,0,0,CS,PhD,Before Fall 2019,CE,Theory,"C/C++, Java, JavaScript, Python","Algorithms, Compilers, Data structures, Databases, Discrete math, Networks, Operating systems, Statistics"
name171,CS 322 Compilers TuTh 05:00 PM-06:20 PM,CS 321 Programming languages TuTh 03:30 PM-04:50 PM,CS 397/497 Data Privacy TuTh 03:30 PM-04:50 PM,CS 349 ML MW 12:30 PM-01:50 PM,CS 396/496 Advanced Topics in Modern Cryptography TuTh 09:30 AM-10:50 AM,0,CS,PhD,Fall 2020,EE,Systems,"C/C++, Java, Python","Algorithms, Data structures, Machine learning, Networks, Operating systems, Statistics"
name172,CS 396 Intro to Web Development MWF 08:00 AM-08:50 AM,CS 396 Generative Methods MW 08:00 AM-09:20 AM,0,0,0,0,CS,MS,Winter 2021,0,AI/ML,"C/C++, Java, Python","Algorithms, Data structures, Databases, Discrete math, Machine learning, Networks, Operating systems, Statistics"
name173,CS 349 ML MW 12:30 PM-01:50 PM,CS 396 Social Networks Analysis Th 06:30 PM-09:20 PM,CS 348 AI MWF 11:00 AM-11:50 AM,0,0,0,MSIT,MSIT,Fall 2021,0,data science,"JavaScript, Python","Databases, Statistics"
name174,CS 331 Intro. Computation Phototography MW 12:30 PM-01:50 PM,CS 396 Generative Methods MW 08:00 AM-09:20 AM,CS 396 Intro to Web Development MWF 08:00 AM-08:50 AM,CS 343 Operating Systems TuTh 09:30 AM-10:50 AM,0,0,CS,MS,Fall 2021,BME,0,"C/C++, C#, Python","Algorithms, Data structures, Databases, Discrete math, Machine learning, Statistics"
name175,CS 348 AI MWF 11:00 AM-11:50 AM,0,0,0,0,0,technology and social behavior,PhD,Fall 2020,liberal arts,HCI/Graphics,Python,"Algorithms, Data structures, Databases, Discrete math, Statistics"
name176,CS 371 Knowledge Representation and Reasoning TuTh 02:00 PM-03:20 PM,CS 349 ML MW 12:30 PM-01:50 PM,CS 496 Graduate Algorithms TuTh 11:00 AM-12:20 PM,0,0,0,CS,PhD,Fall 2021,CS,AI/ML,"C/C++, C#, Java, Lisp, Python","Algorithms, Data structures, Databases, Discrete math, Statistics"
name177,CS 496 The Design of Technological tools for Thinking and learning W 02:00 PM-04:50 PM,CS 496 Visualization for Scientific Communication W 03:00 PM-05:50 PM,CS 377 Game Development Studio MW 06:30 PM-07:50 PM,CS 396 Intro to Web Development MWF 08:00 AM-08:50 AM,CS 496 Graduate Algorithms TuTh 11:00 AM-12:20 PM,0,CS+LS,PhD,Fall 2021,Math,HCI/Graphics,"C#, JavaScript, Python","Algorithms, Data structures, Discrete math, Machine learning, Statistics"
name178,CS 496 Visualization for Scientific Communication W 03:00 PM-05:50 PM,CS 371 Knowledge Representation and Reasoning TuTh 02:00 PM-03:20 PM,0,0,0,0,Technology and Social Behaviour,PhD,Fall 2020,CS,AI/ML,"C/C++, Java, JavaScript, Python","Algorithms, Compilers, Data structures, Databases, Discrete math, Machine learning, Networks, Operating systems, Statistics"
name179,CS 496 Distributed Systems in Challenging Environments MW 03:30 PM-04:50 PM,CS 396 Modeling Relationships with Causal Inference MW 05:00 PM-06:20 PM,CS 336 Algorithms TuTh 09:30 AM-10:50 AM,CS 371 Knowledge Representation and Reasoning TuTh 02:00 PM-03:20 PM,CS 340 Networking TuTh 09:30 AM-10:50 AM,0,CS,PhD,Fall 2021,Informatics,AI/ML,"C/C++, C#, JavaScript, Python, Swift","Data structures, Databases, Discrete math, Machine learning, Statistics"
name180,CS 322 Compilers TuTh 05:00 PM-06:20 PM,CS 496 Distributed Systems in Challenging Environments MW 03:30 PM-04:50 PM,CS 321 Programming languages TuTh 03:30 PM-04:50 PM,0,0,0,CS,PhD,Fall 2019,CS,Systems,"C/C++, C#, Go, Java, JavaScript, Python","Algorithms, Data structures, Databases, Discrete math, Machine learning, Networks, Operating systems, Statistics"
name181,CS 340 Networking TuTh 09:30 AM-10:50 AM,CS 339 Databases TuTh 11:00 AM-12:20 PM,0,0,0,0,CS,PhD,Fall 2020,Math,"ML, but technically Graphics & Interactive Media track",Python,"Algorithms, Data structures, Discrete math, Machine learning, Statistics"
name182,CS 396/496 Interactive Information Visualization TuTh 03:30 PM-04:50 PM,CS 396 Intro to Web Development MWF 08:00 AM-08:50 AM,0,0,0,0,TSB,PhD,Fall 2021,Business Administration,HCI/Graphics,Python,"Algorithms, Data structures, Databases, Discrete math, Networks, Statistics"
name183,CS 496 Visualization for Scientific Communication W 03:00 PM-05:50 PM,CS 321 Programming languages TuTh 03:30 PM-04:50 PM,0,0,0,0,CS,PhD,Fall 2021,0,0,0,0
name184,CS 396 Intro to Web Development MWF 08:00 AM-08:50 AM,CS 339 Databases TuTh 11:00 AM-12:20 PM,CS 396 Social Networks Analysis Th 06:30 PM-09:20 PM,CS 371 Knowledge Representation and Reasoning TuTh 02:00 PM-03:20 PM,CS 377 Game Development Studio MW 06:30 PM-07:50 PM,0,MSIT,MS,Winter 2021,CS,Computer Science,Java,"Algorithms, Compilers, Data structures, Databases, Discrete math, Machine learning, Networks, Operating systems"
name185,CS 371 Knowledge Representation and Reasoning TuTh 02:00 PM-03:20 PM,CS 496 Graduate Algorithms TuTh 11:00 AM-12:20 PM,0,0,0,0,CS,PhD,Fall 2021,CS,AI/ML,"C/C++, C#, JavaScript, Python, Julia","Algorithms, Data structures, Databases, Discrete math, Machine learning, Statistics"
name186,CS 396 Generative Methods MW 08:00 AM-09:20 AM,CS 371 Knowledge Representation and Reasoning TuTh 02:00 PM-03:20 PM,CS 331 Intro. Computation Phototography MW 12:30 PM-01:50 PM,CS 377 Game Development Studio MW 06:30 PM-07:50 PM,CS 496 Graduate Algorithms TuTh 11:00 AM-12:20 PM,0,CS,MS,Fall 2021,CS,AI/ML,"C/C++, C#, Python, Rust","Algorithms, Data structures, Databases, Discrete math, Machine learning, Networks, Operating systems, Statistics"
name187,CS 321 Programming languages TuTh 03:30 PM-04:50 PM,CS 351.2 Intermediate CG TuTh 02:00 PM-03:20 PM,CS 340 Networking TuTh 09:30 AM-10:50 AM,CS 339 Databases TuTh 11:00 AM-12:20 PM,CS 343 Operating Systems TuTh 09:30 AM-10:50 AM,0,CE,MS,Fall 2021,EE,AI/ML,"C/C++, Python","Databases, Machine learning"
name188,CS 351.2 Intermediate CG TuTh 02:00 PM-03:20 PM,CS 322 Compilers TuTh 05:00 PM-06:20 PM,CS 339 Databases TuTh 11:00 AM-12:20 PM,CS 331 Intro. Computation Phototography MW 12:30 PM-01:50 PM,CS 343 Operating Systems TuTh 09:30 AM-10:50 AM,0,CS,MS,Fall 2021,CS,0,"C/C++, C#, Java, Python",0
name189,CS 343 Operating Systems TuTh 09:30 AM-10:50 AM,CS 340 Networking TuTh 09:30 AM-10:50 AM,CS 496 Visualization for Scientific Communication W 03:00 PM-05:50 PM,CS 331 Intro. Computation Phototography MW 12:30 PM-01:50 PM,CS 396/496 Interactive Information Visualization TuTh 03:30 PM-04:50 PM,0,CS,MSIT,Fall 2020,EE,AI/ML,"C/C++, Python","Algorithms, Machine learning"
name190,CS 349 ML MW 12:30 PM-01:50 PM,CS 396/496 Interactive Information Visualization TuTh 03:30 PM-04:50 PM,CS 348 AI MWF 11:00 AM-11:50 AM,CS 396 Intro to Web Development MWF 08:00 AM-08:50 AM,CS 321 Programming languages TuTh 03:30 PM-04:50 PM,0,CS,MS,Fall 2021,Information Technology,0,"C/C++, C#, Java, JavaScript, PHP, Python","Algorithms, Compilers, Data structures, Databases, Discrete math, Networks, Operating systems"
name191,CS 396 Intro to Web Development MWF 08:00 AM-08:50 AM,CS 348 AI MWF 11:00 AM-11:50 AM,0,0,0,0,CE,MS,Fall 2021,EE,0,"C/C++, Python, Rust","Microprocessor System Design, Blockchains & Decentralization ,Wearable and Mobile Computing"
name192,CS 348 AI MWF 11:00 AM-11:50 AM,CS 396 Intro to Web Development MWF 08:00 AM-08:50 AM,0,0,0,0,CE,MS,Fall 2021,EE,AI/ML,"C/C++, Python","Data structures, Machine learning"
name193,CS 396/496 Interactive Information Visualization TuTh 03:30 PM-04:50 PM,CS 396 Intro to Web Development MWF 08:00 AM-08:50 AM,0,0,0,0,CE,MS,Fall 2021,CS,0,"C/C++, C#, Java, JavaScript, Python","Algorithms, Compilers, Data structures, Discrete math, Machine learning, Operating systems, Statistics"
name194,CS 371 Knowledge Representation and Reasoning TuTh 02:00 PM-03:20 PM,CS 396 Modeling Relationships with Causal Inference MW 05:00 PM-06:20 PM,CS 343 Operating Systems TuTh 09:30 AM-10:50 AM,CS 396 Communicating Computer Science MW 05:00 PM-06:20 PM,CS 496 Visualization for Scientific Communication W 03:00 PM-05:50 PM,0,CS,PhD,Fall 2020,CS,AI/ML,"C/C++, Java, JavaScript, Lisp, Python","Algorithms, Data structures, Databases, Discrete math, Machine learning, Networks"
name195,CS 340 Networking TuTh 09:30 AM-10:50 AM,CS 339 Databases TuTh 11:00 AM-12:20 PM,CS 321 Programming languages TuTh 03:30 PM-04:50 PM,CS 396 Social Networks Analysis Th 06:30 PM-09:20 PM,CS 396 Communicating Computer Science MW 05:00 PM-06:20 PM,0,CE,MS,Fall 2021,CE,AI/ML,"C/C++, Java, JavaScript, Python","Algorithms, Data structures, Databases, Machine learning, Networks, Statistics"
name196,CS 396 Intro to Web Development MWF 08:00 AM-08:50 AM,CS 396 Generative Methods MW 08:00 AM-09:20 AM,CS 496 The Design of Technological tools for Thinking and learning W 02:00 PM-04:50 PM,CS 396 Social Networks Analysis Th 06:30 PM-09:20 PM,0,0,CS,BS/MS,Summer 2021,CS,0,Python,"Algorithms, Data structures, Discrete math"
name197,CS 396 Social Networks Analysis Th 06:30 PM-09:20 PM,CS 496 Visualization for Scientific Communication W 03:00 PM-05:50 PM,0,0,0,0,MSIT,MSIT,Fall 2020,Math,0,0,"Data structures, Databases, Networks, Statistics"
name198,CS 348 AI MWF 11:00 AM-11:50 AM,CS 349 ML MW 12:30 PM-01:50 PM,CS 331 Intro. Computation Phototography MW 12:30 PM-01:50 PM,CS 338 Practicum in Intelligent Information Systems TuTh 11:00 AM-12:20 PM,CS 338 Practicum in Intelligent Information Systems TuTh 11:00 AM-12:20 PM,0,CE,MS,Fall 2021,EE,AI/ML,"C/C++, Java, Python","Algorithms, Data structures, Discrete math, Machine learning, Operating systems, ELEC_ENG_332 Intro to computer vision, COMP_ENG_346 Microprocessor System Design, COMP_ENG_395 Wearable and Mobile Computing"
name199,CS 396 Intro to Web Development MWF 08:00 AM-08:50 AM,CS 321 Programming languages TuTh 03:30 PM-04:50 PM,CS 396/496 Advanced Topics in Modern Cryptography TuTh 09:30 AM-10:50 AM,CS 338 Practicum in Intelligent Information Systems TuTh 11:00 AM-12:20 PM,0,0,MSR,MS,Fall 2021,ME,0,"C/C++, Python",Discrete math
name200,CS 396 Intro to Web Development MWF 08:00 AM-08:50 AM,CS 331 Intro. Computation Phototography MW 12:30 PM-01:50 PM,CS 349 ML MW 12:30 PM-01:50 PM,0,0,0,MSR,MS,Fall 2021,Mechanical Engineering,Robotics,"C/C++, Python",0
name201,CS 349 ML MW 12:30 PM-01:50 PM,CS 331 Intro. Computation Phototography MW 12:30 PM-01:50 PM,CS 348 AI MWF 11:00 AM-11:50 AM,0,0,0,Robotics,MS,Fall 2021,Mechanical Engineering,0,Python,Statistics
name202,CS 396 Intro to Web Development MWF 08:00 AM-08:50 AM,CS 377 Game Development Studio MW 06:30 PM-07:50 PM,CS 351.2 Intermediate CG TuTh 02:00 PM-03:20 PM,CS 339 Databases TuTh 11:00 AM-12:20 PM,0,0,CS,MS,Spring 2021,CS,HCI/Graphics,"C/C++, Java, JavaScript, Python","Compilers, Data structures, Databases, Discrete math, Machine learning, Networks, Operating systems, Statistics"
name203,CS 349 ML MW 12:30 PM-01:50 PM,CS 396 Intro to Web Development MWF 08:00 AM-08:50 AM,CS 397/497 INNOVATION LAB Building Technologies for the Law Tu 02:30 PM-05:30 PM,0,0,0,CE,MS,Fall 2021,CS,AI/ML,"C/C++, C#, Java, JavaScript","Algorithms, Compilers, Data structures, Databases, Discrete math, Machine learning, Networks, Operating systems"
name204,CS 396 Modeling Relationships with Causal Inference MW 05:00 PM-06:20 PM,CS 396 Generative Methods MW 08:00 AM-09:20 AM,CS 396/496 Interactive Information Visualization TuTh 03:30 PM-04:50 PM,CS 396/496 Interactive Information Visualization TuTh 03:30 PM-04:50 PM,0,0,TSB,PhD,Fall 2020,0,0,"C/C++, Go, Java, JavaScript, Python, Rust","Algorithms, Data structures, Discrete math, Machine learning, Operating systems, Statistics"
name205,CS 371 Knowledge Representation and Reasoning TuTh 02:00 PM-03:20 PM,CS 396 Modeling Relationships with Causal Inference MW 05:00 PM-06:20 PM,0,0,0,0,CS,PhD,Fall 2021,CS,AI/ML,"C/C++, Java, Python","Algorithms, Compilers, Data structures, Databases, Discrete math, Machine learning, Statistics"
name206,CS 396 Intro to Web Development MWF 08:00 AM-08:50 AM,CS 496 Visualization for Scientific Communication W 03:00 PM-05:50 PM,CS 396 Social Networks Analysis Th 06:30 PM-09:20 PM,CS 396/496 Interactive Information Visualization TuTh 03:30 PM-04:50 PM,CS 377 Game Development Studio MW 06:30 PM-07:50 PM,0,CS,MS,Fall 2021,CS,0,"C/C++, Java, JavaScript, Python",Machine learning
name207,CS 336 Algorithms TuTh 09:30 AM-10:50 AM,CS 348 AI MWF 11:00 AM-11:50 AM,CS 340 Networking TuTh 09:30 AM-10:50 AM,CS 339 Databases TuTh 11:00 AM-12:20 PM,CS 396 Intro to Web Development MWF 08:00 AM-08:50 AM,0,CE,MS,Fall 2021,CS,AI/ML,"C/C++, Java, JavaScript, Python","Algorithms, Compilers, Data structures, Databases, Discrete math, Machine learning, Networks, Operating systems, Statistics"
name208,CS 496 Graduate Algorithms TuTh 11:00 AM-12:20 PM,CS 396 Modeling Relationships with Causal Inference MW 05:00 PM-06:20 PM,CS 396 Kolmogorov Complexity TuTh 12:30 PM-01:50 PM,CS 496 Visualization for Scientific Communication W 03:00 PM-05:50 PM,CS 496 Topics in Complexity MW 03:30 PM-04:50 PM,0,CS,MS,Spring 2021,CS,0,"C/C++, Java, Python","Algorithms, Compilers, Data structures, Databases, Discrete math, Machine learning, Networks, Operating systems, Statistics"
name209,CS 496 Graduate Algorithms TuTh 11:00 AM-12:20 PM,CS 371 Knowledge Representation and Reasoning TuTh 02:00 PM-03:20 PM,CS 396/496 Advanced Topics in Modern Cryptography TuTh 09:30 AM-10:50 AM,CS 496 Distributed Systems in Challenging Environments MW 03:30 PM-04:50 PM,CS 396 Social Networks Analysis Th 06:30 PM-09:20 PM,0,CS,PhD,Fall 2021,CS,AI/ML,"C/C++, Java, PHP, Python",Machine learning
name210,CS 348 AI MWF 11:00 AM-11:50 AM,0,0,0,0,0,MSR,MS,Fall 2021,ME,0,"JavaScript, Python",Machine learning
name211,CS 340 Networking TuTh 09:30 AM-10:50 AM,CS 339 Databases TuTh 11:00 AM-12:20 PM,CS 343 Operating Systems TuTh 09:30 AM-10:50 AM,CS 397/497 Data Privacy TuTh 03:30 PM-04:50 PM,CS 322 Compilers TuTh 05:00 PM-06:20 PM,0,CS,MS,Fall 2021,CS,AI/ML,"C/C++, Java, JavaScript, Python","Algorithms, Compilers, Data structures, Databases, Discrete math, Machine learning, Networks, Operating systems, Statistics"
name212,CS 496 Graduate Algorithms TuTh 11:00 AM-12:20 PM,CS 336 Algorithms TuTh 09:30 AM-10:50 AM,0,0,0,0,MSR,MSR,Fall 2021,Mech Eng,0,Python,Machine learning
name213,CS 348 AI MWF 11:00 AM-11:50 AM,CS 496 Visualization for Scientific Communication W 03:00 PM-05:50 PM,CS 339 Databases TuTh 11:00 AM-12:20 PM,CS 351.2 Intermediate CG TuTh 02:00 PM-03:20 PM,CS 377 Game Development Studio MW 06:30 PM-07:50 PM,0,CS,MS,Fall 2021,CS,0,"C/C++, C#, Java, Python",Machine learning
name214,CS 339 Databases TuTh 11:00 AM-12:20 PM,CS 340 Networking TuTh 09:30 AM-10:50 AM,CS 343 Operating Systems TuTh 09:30 AM-10:50 AM,CS 397/497 Data Privacy TuTh 03:30 PM-04:50 PM,CS 321 Programming languages TuTh 03:30 PM-04:50 PM,0,CS,MS,Fall 2021,CE,0,"C/C++, Java, JavaScript, Python, Swift","Algorithms, Data structures, Databases, Discrete math, Machine learning, Networks, Operating systems, Statistics"
name215,CS 340 Networking TuTh 09:30 AM-10:50 AM,CS 343 Operating Systems TuTh 09:30 AM-10:50 AM,CS 371 Knowledge Representation and Reasoning TuTh 02:00 PM-03:20 PM,CS 396 Social Networks Analysis Th 06:30 PM-09:20 PM,CS 339 Databases TuTh 11:00 AM-12:20 PM,0,CS,MS,Fall 2021,CS,0,"C/C++, Java, JavaScript, Python","Algorithms, Compilers, Data structures, Databases, Discrete math, Machine learning, Networks, Operating systems, Statistics"
name216,CS 348 AI MWF 11:00 AM-11:50 AM,CS 496 Visualization for Scientific Communication W 03:00 PM-05:50 PM,CS 339 Databases TuTh 11:00 AM-12:20 PM,CS 351.2 Intermediate CG TuTh 02:00 PM-03:20 PM,CS 377 Game Development Studio MW 06:30 PM-07:50 PM,0,CS,MS,Fall 2021,CS,0,"C/C++, C#, Java, JavaScript, Python","Algorithms, Data structures, Discrete math, Machine learning, Networks, Statistics"
name217,CS 396 Social Networks Analysis Th 06:30 PM-09:20 PM,CS 396/496 Interactive Information Visualization TuTh 03:30 PM-04:50 PM,0,0,0,0,MSIT,MS,Fall 2021,Math,0,Python,0
name218,CS 496 Distributed Systems in Challenging Environments MW 03:30 PM-04:50 PM,0,0,0,0,0,MS Robotics,MS Robotics,Fall 2021,ME + EE,0,"C/C++, Java, Python",0
name219,CS 397/497 INNOVATION LAB Building Technologies for the Law Tu 02:30 PM-05:30 PM,CS 338 Practicum in Intelligent Information Systems TuTh 11:00 AM-12:20 PM,CS 396 Social Networks Analysis Th 06:30 PM-09:20 PM,CS 339 Databases TuTh 11:00 AM-12:20 PM,CS 396/496 Interactive Information Visualization TuTh 03:30 PM-04:50 PM,0,CS,MS,Winter 2021,CE,AI/ML,"C/C++, Java, JavaScript, PHP, Python","Algorithms, Compilers, Data structures, Databases, Discrete math, Machine learning, Networks, Operating systems, Statistics"
name220,CS 321 Programming languages TuTh 03:30 PM-04:50 PM,CS 338 Practicum in Intelligent Information Systems TuTh 11:00 AM-12:20 PM,CS 336 Algorithms TuTh 09:30 AM-10:50 AM,CS 396 Social Networks Analysis Th 06:30 PM-09:20 PM,CS 371 Knowledge Representation and Reasoning TuTh 02:00 PM-03:20 PM,0,CE,MS,Fall 2021,CS,Systems,"C/C++, C#, Java, Python","Algorithms, Data structures, Databases, Machine learning, Networks, Operating systems, Statistics"
name221,CS 340 Networking TuTh 09:30 AM-10:50 AM,CS 331 Intro. Computation Phototography MW 12:30 PM-01:50 PM,CS 339 Databases TuTh 11:00 AM-12:20 PM,CS 322 Compilers TuTh 05:00 PM-06:20 PM,0,0,MSIT,MS,Fall 2021,CS,0,"C/C++, Java, JavaScript, Rust","Algorithms, Data structures, Discrete math, Machine learning, Operating systems, Statistics"
name222,CS 396/496 Advanced Topics in Modern Cryptography TuTh 09:30 AM-10:50 AM,CS 397/497 Data Privacy TuTh 03:30 PM-04:50 PM,CS 336 Algorithms TuTh 09:30 AM-10:50 AM,CS 340 Networking TuTh 09:30 AM-10:50 AM,CS 348 AI MWF 11:00 AM-11:50 AM,0,CS,MSIT,Fall 2021,0,Security,"C/C++, Python","Data structures, Discrete math, Operating systems"
name223,CS 396 Intro to Web Development MWF 08:00 AM-08:50 AM,CS 338 Practicum in Intelligent Information Systems TuTh 11:00 AM-12:20 PM,CS 349 ML MW 12:30 PM-01:50 PM,CS 397/497 INNOVATION LAB Building Technologies for the Law Tu 02:30 PM-05:30 PM,CS 396 Generative Methods MW 08:00 AM-09:20 AM,0,CS,MS,Fall 2021,CS,AI/ML,"C/C++, JavaScript, Python","Algorithms, Compilers, Data structures, Databases, Discrete math, Machine learning, Networks, Operating systems, Statistics, Rapid Prototype Testing (497)"
name224,CS 396 Intro to Web Development MWF 08:00 AM-08:50 AM,CS 338 Practicum in Intelligent Information Systems TuTh 11:00 AM-12:20 PM,CS 397/497 INNOVATION LAB Building Technologies for the Law Tu 02:30 PM-05:30 PM,CS 339 Databases TuTh 11:00 AM-12:20 PM,CS 396 Generative Methods MW 08:00 AM-09:20 AM,0,CS,MS,Fall 2021,CS,AI/ML,"C/C++, JavaScript, Python","Algorithms, Compilers, Data structures, Databases, Discrete math, Machine learning, Networks, Operating systems, Statistics"
name225,CS 321 Programming languages TuTh 03:30 PM-04:50 PM,CS 322 Compilers TuTh 05:00 PM-06:20 PM,CS 343 Operating Systems TuTh 09:30 AM-10:50 AM,CS 339 Databases TuTh 11:00 AM-12:20 PM,CS 340 Networking TuTh 09:30 AM-10:50 AM,,CS,MS,Fall 2021,,,"C/C++, Go, Java, Lisp, Python, Rust","Algorithms, Data structures, Databases, Networks, Statistics"
name226,CS 377 Game Development Studio MW 06:30 PM-07:50 PM,CS 371 Knowledge Representation and Reasoning TuTh 02:00 PM-03:20 PM,CS 348 AI MWF 11:00 AM-11:50 AM,CS 331 Intro. Computation Phototography MW 12:30 PM-01:50 PM,CS 396 Intro to Web Development MWF 08:00 AM-08:50 AM,,CS,MS,Fall 2021,CS,,,"Algorithms, Data structures, Discrete math, Machine learning, Networks, Operating systems, Statistics"
